"date";"cota";"selic";"cambio";"ibov";"ima_b_5";"r_cota";"r_cota2";"var";"cvar";"r_cambio";"r_ibov";"r_imab5";"beta_selic";"beta_selic_pvalue";"beta_cambio";"beta_cambio_pvalue";"beta_ibov";"beta_ibov_pvalue";"beta_imab5";"beta_imab5_pvalue";"log_returns";"vol";"log_ret_ibov";"vol_ibov";"cvar_roll"
2024-09-30;1;0,00040168;5,4481;131816,44;11301,111945;NA;NA;NA;-0,0199029667204897;NA;NA;NA;0,00064602913743335;0,767875540192233;-0,0861525768349898;0,0131433177528557;0,574470207274292;2,73473481673193e-53;0,117639473264795;0,0422855259333563;NA;NA;NA;NA;NA
2024-10-01;1,0000551;0,00040168;5,4521;132495,16;11321,016347;1,0000551;5,50999999999746e-05;NA;-0,0199029667204897;1,00073420091408;1,00514897838236;1,00176127819075;0,00064602913743335;0,767875540192233;-0,0861525768349898;0,0131433177528557;0,574470207274292;2,73473481673193e-53;0,117639473264795;0,0422855259333563;5,50984820507337e-05;NA;0,00513576772137227;NA;NA
2024-10-02;0,99980164;0,00040168;5,4305;133514,94;11323,973563;0,999746553964877;-0,000253446035123339;NA;-0,0199029667204897;0,996038223803672;1,00769673397881;1,00026121470982;0,00064602913743335;0,767875540192233;-0,0861525768349898;0,0131433177528557;0,574470207274292;2,73473481673193e-53;0,117639473264795;0,0422855259333563;-0,000253478157997424;NA;0,00766726523397884;NA;NA
2024-10-03;0,994766;0,00040168;5,485;131671,51;11313,836579;0,994963360932275;-0,00503663906772545;NA;-0,0199029667204897;1,01003590829574;0,986193080714413;0,999104820940847;0,00064602913743335;0,767875540192233;-0,0861525768349898;0,0131433177528557;0,574470207274292;2,73473481673193e-53;0,117639473264795;0,0422855259333563;-0,00504936568517802;NA;-0,0139031213246;NA;NA
2024-10-04;0,9965997;0,00040168;5,4686;131791,55;11275,780406;1,00184334808387;0,00184334808387088;NA;-0,0199029667204897;0,997010027347311;1,00091166266719;0,996636315830243;0,00064602913743335;0,767875540192233;-0,0861525768349898;0,0131433177528557;0,574470207274292;2,73473481673193e-53;0,117639473264795;0,0422855259333563;0,00184165120276673;NA;0,000911247355181207;NA;NA
2024-10-07;0,99687788;0,00040168;5,4626;132017,84;11327,340199;1,00027912912276;0,000279129122756183;NA;-0,0199029667204897;0,99890282704897;1,00171702965782;1,00457261414674;0,00064602913743335;0,767875540192233;-0,0861525768349898;0,0131433177528557;0,574470207274292;2,73473481673193e-53;0,117639473264795;0,0422855259333563;0,000279090173470349;NA;0,00171555724760365;NA;NA
2024-10-08;0,99912949;0,00040168;5,5197;131511,73;11362,858698;1,00225866181322;0,00225866181322032;NA;-0,0199029667204897;1,01045289788745;0,996166351456743;1,00313564335281;0,00064602913743335;0,767875540192233;-0,0861525768349898;0,0131433177528557;0,574470207274292;2,73473481673193e-53;0,117639473264795;0,0422855259333563;0,0022561148710268;NA;-0,00384101580886637;NA;NA
2024-10-09;0,99030304;0,00040168;5,5737;129962,06;11288,753414;0,991165859792608;-0,00883414020739182;NA;-0,0199029667204897;1,00978314038806;0,988216488369516;0,993478288697452;0,00064602913743335;0,767875540192233;-0,0861525768349898;0,0131433177528557;0,574470207274292;2,73473481673193e-53;0,117639473264795;0,0422855259333563;-0,00887339256889541;NA;-0,011853487454153;NA;NA
2024-10-10;0,99109771;0,00040168;5,5819;130352,86;11321,156239;1,00080245133853;0,000802451338531629;NA;-0,0199029667204897;1,00147119507688;1,00300703143671;1,00287036343267;0,00064602913743335;0,767875540192233;-0,0861525768349898;0,0131433177528557;0,574470207274292;2,73473481673193e-53;0,117639473264795;0,0422855259333563;0,000802129546593015;NA;0,00300251936072243;NA;NA
2024-10-11;0,98961274;0,00040168;5,6263;129992,29;11320,048672;0,99850169162433;-0,00149830837566967;NA;-0,0199029667204897;1,00795428080044;0,997233892681756;0,99990216838487;0,00064602913743335;0,767875540192233;-0,0861525768349898;0,0131433177528557;0,574470207274292;2,73473481673193e-53;0,117639473264795;0,0422855259333563;-0,00149943196212354;NA;-0,00276994006257818;NA;NA
2024-10-14;0,99492606;0,00040168;5,6045;131005,25;11296,223859;1,0053690901352;0,00536909013519771;NA;-0,0199029667204897;0,99612533992144;1,00779246215295;0,997895343589915;0,00064602913743335;0,767875540192233;-0,0861525768349898;0,0131433177528557;0,574470207274292;2,73473481673193e-53;0,117639473264795;0,0422855259333563;0,00535472795571307;NA;0,00776225772949053;NA;NA
2024-10-15;0,99257925;0,00040168;5,6378;131043,27;11255,662695;0,997641221700435;-0,00235877829956521;NA;-0,0199029667204897;1,00594165402801;1,00029021737678;0,996409316555135;0,00064602913743335;0,767875540192233;-0,0861525768349898;0,0131433177528557;0,574470207274292;2,73473481673193e-53;0,117639473264795;0,0422855259333563;-0,00236156459946997;NA;0,000290175271867769;NA;NA
2024-10-16;0,99627611;0,00040168;5,6749;131749,72;11215,074903;1,00372449857278;0,00372449857278401;NA;-0,0199029667204897;1,00658058107773;1,00539096742626;0,996394011343461;0,00064602913743335;0,767875540192233;-0,0861525768349898;0,0131433177528557;0,574470207274292;2,73473481673193e-53;0,117639473264795;0,0422855259333563;0,0037175798019546;NA;0,00537648817615928;NA;NA
2024-10-17;0,99368146;0,00040168;5,6758;130793,41;11202,495983;0,997395651693384;-0,0026043483066156;NA;-0,0199029667204897;1,00015859310296;0,992741464649792;0,998878391797755;0,00064602913743335;0,767875540192233;-0,0861525768349898;0,0131433177528557;0,574470207274292;2,73473481673193e-53;0,117639473264795;0,0422855259333563;-0,00260774552130213;NA;-0,00728500669114917;NA;NA
2024-10-18;0,99380894;0,00040168;5,6672;130499,26;11141,423776;1,00012829060935;0,000128290609346715;NA;-0,0199029667204897;0,998484795094965;0,997751033480968;0,994548339308251;0,00064602913743335;0,767875540192233;-0,0861525768349898;0,0131433177528557;0,574470207274292;2,73473481673193e-53;0,117639473264795;0,0422855259333563;0,000128282380810247;NA;-0,0022514992422861;NA;NA
2024-10-21;0,99132813;0,00040168;5,7068;130361,56;11127,671936;0,997503735476559;-0,00249626452344054;NA;-0,0199029667204897;1,00698757763975;0,99894482160282;0,998765701738262;0,00064602913743335;0,767875540192233;-0,0861525768349898;0,0131433177528557;0,574470207274292;2,73473481673193e-53;0,117639473264795;0,0422855259333563;-0,00249938538647432;NA;-0,00105573548982767;NA;NA
2024-10-22;0,9886812;0,00040168;5,6958;129951,37;11123,966766;0,997329915373228;-0,00267008462677232;NA;-0,0199029667204897;0,998072474942174;0,996853443607149;0,999667030981744;0,00064602913743335;0,767875540192233;-0,0861525768349898;0,0131433177528557;0,574470207274292;2,73473481673193e-53;0,117639473264795;0,0422855259333563;-0,00267365566078781;NA;-0,00315151721047901;NA;NA
2024-10-23;0,98551675;0,00040168;5,7149;129233,11;11077,007284;0,996799322167752;-0,00320067783224764;NA;-0,0199029667204897;1,00335334808104;0,994472855499715;0,995778530897491;0,00064602913743335;0,767875540192233;-0,0861525768349898;0,0131433177528557;0,574470207274292;2,73473481673193e-53;0,117639473264795;0,0422855259333563;-0,00320581095745368;NA;-0,00554247568131385;NA;NA
2024-10-24;0,98784974;0,00040168;5,7087;130066,95;11180,5828;1,00236727584792;0,00236727584792451;NA;-0,0199029667204897;0,998915116624963;1,00645221646372;1,00935049633393;0,00064602913743335;0,767875540192233;-0,0861525768349898;0,0131433177528557;0,574470207274292;2,73473481673193e-53;0,117639473264795;0,0422855259333563;0,00236447826468537;NA;0,00643149002162923;NA;NA
2024-10-25;0,98490973;0,00040168;5,6969;129893,32;11132,24121;0,997023828745453;-0,0029761712545473;NA;-0,0199029667204897;0,997932979487449;0,998665072103252;0,995676290684954;0,00064602913743335;0,767875540192233;-0,0861525768349898;0,0131433177528557;0,574470207274292;2,73473481673193e-53;0,117639473264795;0,0422855259333563;-0,00298060885911677;NA;-0,00133581970674964;NA;NA
2024-10-28;0,98904674;0,00040168;5,6988;131212,58;11102,380609;1,00420039509611;0,00420039509610692;-0,00522651412470876;-0,0199029667204897;1,00033351471853;1,0101564884168;0,99731764696464;0,00064602913743335;0,767875540192233;-0,0861525768349898;0,0131433177528557;0,574470207274292;2,73473481673193e-53;0,117639473264795;0,0422855259333563;0,00419159806203429;NA;0,0101052578778936;NA;NA
2024-10-29;0,98781388;0,00040168;5,714;130729,93;11072,925624;0,998753486614798;-0,00124651338520154;-0,00503663906772545;-0,0199029667204897;1,00266722818839;0,996321617942426;0,997346966741879;0,00064602913743335;0,767875540192233;-0,0861525768349898;0,0131433177528557;0,574470207274292;2,73473481673193e-53;0,117639473264795;0,0422855259333563;-0,00124729092922447;5,27398186996826;-0,00368516394086787;10,0330930640975;-4,06629931180219
2024-10-30;0,98888475;0,00040168;5,7801;130639,33;11096,071901;1,00108408073796;0,0010840807379624;-0,00503663906772545;-0,0199029667204897;1,01156807840392;0,999306968190069;1,00209034881891;0,00064602913743335;0,767875540192233;-0,0861525768349898;0,0131433177528557;0,574470207274292;2,73473481673193e-53;0,117639473264795;0,0422855259333563;0,00108349354677598;5,30163983894386;-0,000693272067485809;9,82941059804678;-4,06629931180219
2024-10-31;0,98170811;0,00040168;5,7779;129713,33;11113,630809;0,992742693220823;-0,00725730677917724;-0,00725730677917724;-0,0199029667204897;0,999619383747686;0,992911782385902;1,00158244360317;0,00064602913743335;0,767875540192233;-0,0861525768349898;0,0131433177528557;0,574470207274292;2,73473481673193e-53;0,117639473264795;0,0422855259333563;-0,00728376913805582;5,79135858305675;-0,00711345837395774;9,57983160055631;-4,06629931180219
2024-11-01;0,97152607;0,00040168;5,8073;128120,75;11062,223229;0,989628240923873;-0,010371759076127;-0,00883414020739182;-0,0199029667204897;1,00508835390021;0,987722310420988;0,995374366767846;0,00064602913743335;0,767875540192233;-0,0861525768349898;0,0131433177528557;0,574470207274292;2,73473481673193e-53;0,117639473264795;0,0422855259333563;-0,0104259205949311;6,53236277916649;-0,0123536830666232;9,33647513991563;-4,77775703158708
2024-11-04;0,98326877;0,00040168;5,7898;130514,79;11177,618531;1,01208686041745;0,0120868604174462;-0,00883414020739182;-0,0199029667204897;0,996986551409433;1,01868581006589;1,01043147472359;0,00064602913743335;0,767875540192233;-0,0861525768349898;0,0131433177528557;0,574470207274292;2,73473481673193e-53;0,117639473264795;0,0422855259333563;0,0120143976340733;7,91813128341174;0,01851337506354;11,5830176783552;-4,77775703158708
2024-11-05;0,98509728;0,00040168;5,7846;130660,75;11189,85248;1,0018596237934;0,00185962379340077;-0,00883414020739182;-0,0199029667204897;0,999101868803758;1,00111834068767;1,00109450407223;0,00064602913743335;0,767875540192233;-0,0861525768349898;0,0131433177528557;0,574470207274292;2,73473481673193e-53;0,117639473264795;0,0422855259333563;0,00185789683373967;7,96003095323094;0,00111771581056567;11,5706909772565;-4,77775703158708
2024-11-06;0,98981722;0,00040168;5,7648;130340,92;11206,252865;1,00479134405893;0,004791344058934;-0,00883414020739182;-0,0199029667204897;0,996577118556166;0,997552210591168;1,00146564800826;0,00064602913743335;0,767875540192233;-0,0861525768349898;0,0131433177528557;0,574470207274292;2,73473481673193e-53;0,117639473264795;0,0422855259333563;0,00477990210366231;8,11919571603235;-0,00245079014310382;11,5299413069457;-4,77775703158708
2024-11-07;0,98438071;0,00041957;5,6624;129681,7;11278,553821;0,994507561709221;-0,00549243829077861;-0,00725730677917724;-0,0199029667204897;0,982237024701637;0,994942340440746;1,00645184049218;0,00064602913743335;0,767875540192233;-0,0861525768349898;0,0131433177528557;0,574470207274292;2,73473481673193e-53;0,117639473264795;0,0422855259333563;-0,00550757718838799;7,75452871148316;-0,00507049280845339;10,9053737935096;-4,77775703158708
2024-11-08;0,97737053;0,00041957;5,7648;127829,8;11316,76584;0,992878588610295;-0,00712141138970523;-0,00725730677917724;-0,0199029667204897;1,01808420457756;0,985719650498104;1,00338802470658;0,00064602913743335;0,767875540192233;-0,0861525768349898;0,0131433177528557;0,574470207274292;2,73473481673193e-53;0,117639473264795;0,0422855259333563;-0,00714688967274422;8,09544263359672;-0,0143832949326015;11,8993233860515;-4,77775703158708
2024-11-11;0,98219449;0,00041957;5,798;127873,7;11295,418187;1,00493565117008;0,00493565117008399;-0,00725730677917724;-0,0199029667204897;1,00575908964752;1,00034342539846;0,998113625986274;0,00064602913743335;0,767875540192233;-0,0861525768349898;0,0131433177528557;0,574470207274292;2,73473481673193e-53;0,117639473264795;0,0422855259333563;0,00492351077463163;8,31472992601405;0,000343366441455233;11,8875591414813;-4,77775703158708
2024-11-12;0,98268915;0,00041957;5,7694;127829,8;11140,150079;1,00050362734167;0,000503627341668311;-0,00725730677917724;-0,0199029667204897;0,995067264573991;0,999656692502055;0,986253885829681;0,00064602913743335;0,767875540192233;-0,0861525768349898;0,0131433177528557;0,574470207274292;2,73473481673193e-53;0,117639473264795;0,0422855259333563;0,000503500563982693;8,06068420216887;-0,000343366441455158;11,4780037551905;-4,77775703158708
2024-11-13;0,97919978;0,00041957;5,7713;127733,88;11149,394624;0,996449161975585;-0,00355083802441503;-0,00725730677917724;-0,0199029667204897;1,00032932367317;0,999249627238719;1,00082984025659;0,00064602913743335;0,767875540192233;-0,0861525768349898;0,0131433177528557;0,574470207274292;2,73473481673193e-53;0,117639473264795;0,0422855259333563;-0,00355715721313136;8,10432743931553;-0,000750654431835507;11,4669954513306;-4,77775703158708
2024-11-14;0,97927197;0,00041957;5,7885;127791,6;11172,765741;1,00007372346428;7,3723464276032e-05;-0,00725730677917724;-0,0199029667204897;1,00298026441183;1,00045187698048;1,00209617811443;0,00064602913743335;0,767875540192233;-0,0861525768349898;0,0131433177528557;0,574470207274292;2,73473481673193e-53;0,117639473264795;0,0422855259333563;7,37207468349982e-05;7,95401497375196;0,000451774914828166;11,2346938663422;-4,77775703158708
2024-11-18;0,97339375;0,00041957;5,7603;127768,19;11192,533303;0,993997357036575;-0,00600264296342523;-0,00725730677917724;-0,0199029667204897;0,995128271572946;0,999816811120606;1,00176926308653;0,00064602913743335;0,767875540192233;-0,0861525768349898;0,0131433177528557;0,574470207274292;2,73473481673193e-53;0,117639473264795;0,0422855259333563;-0,00602073124602473;8,13645899130448;-0,00018320566052649;11,0377765618262;-4,77775703158708
2024-11-19;0,97802435;0,00041957;5,7743;128197,25;11239,825902;1,00475717046673;0,00475717046673041;-0,00725730677917724;-0,0199029667204897;1,00243042897071;1,00335811284483;1,00422537040719;0,00064602913743335;0,767875540192233;-0,0861525768349898;0,0131433177528557;0,574470207274292;2,73473481673193e-53;0,117639473264795;0,0422855259333563;0,00474589088974051;8,36976351577274;0,00335248697524491;11,1353127556622;-4,77775703158708
2024-11-21;0,97021923;0,00041957;5,8173;126922,11;11292,741138;0,99201950339989;-0,00798049660011024;-0,00798049660011024;-0,0199029667204897;1,00744679008711;0,990053296775087;1,00470783413029;0,00064602913743335;0,767875540192233;-0,0861525768349898;0,0131433177528557;0,574470207274292;2,73473481673193e-53;0,117639473264795;0,0422855259333563;-0,00801251120516026;8,72430482943813;-0,00999650217620955;11,5782918009301;-4,77775703158708
2024-11-22;0,97991538;0,00041957;5,8124;129125,51;11237,37573;1,00999377223228;0,00999377223228204;-0,00798049660011024;-0,0199029667204897;0,999157684836608;1,01736025346569;0,995097256961492;0,00064602913743335;0,767875540192233;-0,0861525768349898;0,0131433177528557;0,574470207274292;2,73473481673193e-53;0,117639473264795;0,0422855259333563;0,00994416472750612;9,48557771026945;0,0172112858709308;13,1975715963595;-4,77775703158708
2024-11-25;0,98398052;0,00041957;5,8002;129036,1;11263,320168;1,00414846024766;0,00414846024765936;-0,00798049660011024;-0,0199029667204897;0,997901039157663;0,999307572918783;1,00230876306207;0,00064602913743335;0,767875540192233;-0,0861525768349898;0,0131433177528557;0,574470207274292;2,73473481673193e-53;0,117639473264795;0,0422855259333563;0,00413987911059719;9,55520727506431;-0,000692666919568812;13,0612274292497;-4,77775703158708
2024-11-26;0,99295432;0,00041957;5,799;129922,38;11254,338121;1,00911989599144;0,00911989599143692;-0,00798049660011024;-0,0199029667204897;0,999793110582394;1,00686846549144;0,999202540026739;0,00064602913743335;0,767875540192233;-0,0861525768349898;0,0131433177528557;0,574470207274292;2,73473481673193e-53;0,117639473264795;0,0422855259333563;0,00907856086462108;10,0417986610604;0,00684498503747989;13,0879301420413;-4,77775703158708
2024-11-27;0,9780986;0,00041957;5,8291;127668,61;11133,033982;0,985038868656113;-0,0149611313438869;-0,010371759076127;-0,0199029667204897;1,00519055009484;0,98265295016917;0,989221566146689;0,00064602913743335;0,767875540192233;-0,0861525768349898;0,0131433177528557;0,574470207274292;2,73473481673193e-53;0,117639473264795;0,0422855259333563;-0,0150741780240139;11,3234210448573;-0,0174992728822961;14,4177016356583;-6,90785618342836
2024-11-28;0,96010638;0,00041957;5,9871;124610,41;11057,010329;0,981604901591721;-0,0183950984082791;-0,0149611313438869;-0,0199029667204897;1,02710538505087;0,976045795438675;0,993171344565829;0,00064602913743335;0,767875540192233;-0,0861525768349898;0,0131433177528557;0,574470207274292;2,73473481673193e-53;0,117639473264795;0,0422855259333563;-0,0185663921263044;12,8232981417353;-0,0242457721138067;15,9647220395628;-8,50818973010222
2024-11-29;0,9617674;0,00041957;6,0535;125667,83;11088,485752;1,00173003745689;0,00173003745689093;-0,0149611313438869;-0,0199029667204897;1,01109051126589;1,00848580788716;1,00284664860242;0,00064602913743335;0,767875540192233;-0,0861525768349898;0,0131433177528557;0,574470207274292;2,73473481673193e-53;0,117639473264795;0,0422855259333563;0,00172854266587112;12,8695294117939;0,00845000581649031;16,3948876188528;-8,50818973010222
2024-12-02;0,96208523;0,00041957;6,0634;125235,54;11124,038197;1,00033046451772;0,00033046451772023;-0,0149611313438869;-0,0199029667204897;1,00163541752705;0,996560058369751;1,0032062488779;0,00064602913743335;0,767875540192233;-0,0861525768349898;0,0131433177528557;0,574470207274292;2,73473481673193e-53;0,117639473264795;0,0422855259333563;0,000330409926348171;12,8547943372625;-0,0034458718330651;16,3974997793024;-8,50818973010222
2024-12-03;0,96271103;0,00041957;6,0707;126139,2;11043,376823;1,00065046212174;0,000650462121739581;-0,0149611313438869;-0,0199029667204897;1,00120394498136;1,00721568334356;0,992748912528748;0,00064602913743335;0,767875540192233;-0,0861525768349898;0,0131433177528557;0,574470207274292;2,73473481673193e-53;0,117639473264795;0,0422855259333563;0,000650250662945994;12,6827610985861;0,00718977485747111;16,5842925030475;-8,50818973010222
2024-12-04;0,9645778;0,00041957;6,0581;126087,02;11081,339268;1,00193907615248;0,00193907615247757;-0,0149611313438869;-0,0199029667204897;0,997924456817171;0,999586330022705;1,00343757580751;0,00064602913743335;0,767875540192233;-0,0861525768349898;0,0131433177528557;0,574470207274292;2,73473481673193e-53;0,117639473264795;0,0422855259333563;0,00193719857110539;12,2315587278797;-0,000413755562323371;16,0928242319069;-8,50818973010222
2024-12-05;0,96879258;0,00041957;5,9849;127857,58;11070,196459;1,00436955940723;0,00436955940723482;-0,0149611313438869;-0,0199029667204897;0,987917003681022;1,01404236534419;0,99899445286075;0,00064602913743335;0,767875540192233;-0,0861525768349898;0,0131433177528557;0,574470207274292;2,73473481673193e-53;0,117639473264795;0,0422855259333563;0,004360040601114;11,5242311474203;0,013944684714546;15,4690618255918;-8,50818973010222
2024-12-06;0,96456445;0,00041957;6,0293;125945,67;11007,408053;0,995635670537444;-0,00436432946255638;-0,0149611313438869;-0,0199029667204897;1,00741867032031;0,985046565092191;0,994328157929939;0,00064602913743335;0,767875540192233;-0,0861525768349898;0,0131433177528557;0,574470207274292;2,73473481673193e-53;0,117639473264795;0,0422855259333563;-0,00437388094907211;11,5516795181308;-0,0150663647221684;16,1916501988009;-8,50818973010222
2024-12-09;0,96272864;0,00041957;6,057;127210,19;11007,408053;0,998096747189885;-0,0019032528101155;-0,0149611313438869;-0,0199029667204897;1,00459423150283;1,01004020225546;1;0,00064602913743335;0,767875540192233;-0,0861525768349898;0,0131433177528557;0,574470207274292;2,73473481673193e-53;0,117639473264795;0,0422855259333563;-0,00190506629712659;11,3605435478394;0,00999013427433274;16,6897038998188;-8,50818973010222
2024-12-10;0,96501152;0,00041957;6,0529;128228,49;11076,335912;1,00237126008841;0,00237126008840871;-0,0149611313438869;-0,0199029667204897;0,99932309724286;1,00800486187467;1,00626195182991;0,00064602913743335;0,767875540192233;-0,0861525768349898;0,0131433177528557;0,574470207274292;2,73473481673193e-53;0,117639473264795;0,0422855259333563;0,00236845308774861;11,3224181036125;0,00797299292590396;16,9145230901355;-8,50818973010222
2024-12-11;0,97376632;0,00041957;6,032;129593,31;11234,641379;1,00907222330361;0,00907222330361401;-0,0149611313438869;-0,0199029667204897;0,99654710964992;1,01064365649163;1,01429222337222;0,00064602913743335;0,767875540192233;-0,0861525768349898;0,0131433177528557;0,574470207274292;2,73473481673193e-53;0,117639473264795;0,0422855259333563;0,00903131790159888;11,5899145232117;0,0105874115292478;16,5467115003367;-8,50818973010222
2024-12-12;0,96335965;0,00045513;5,9408;126042,21;11158,619379;0,989312969871458;-0,0106870301285424;-0,0149611313438869;-0,0199029667204897;0,984880636604775;0,972598122541974;0,993233250850169;0,00064602913743335;0,767875540192233;-0,0861525768349898;0,0131433177528557;0,574470207274292;2,73473481673193e-53;0,117639473264795;0,0422855259333563;-0,0107445465888342;11,9854208142311;-0,0277843113639201;19,2593992059247;-8,50818973010222
2024-12-13;0,95862109;0,00045513;6,04;124612,22;11002,684442;0,99508121395784;-0,0049187860421599;-0,0149611313438869;-0,0199029667204897;1,01669808779962;0,988654673700183;0,98602560660027;0,00064602913743335;0,767875540192233;-0,0861525768349898;0,0131433177528557;0,574470207274292;2,73473481673193e-53;0,117639473264795;0,0422855259333563;-0,00493092308626303;12,0516407812726;-0,0114101754708021;19,6128309255596;-8,50818973010222
2024-12-16;0,95531141;0,00045513;6,0509;123560,06;10803,550021;0,996547457556979;-0,00345254244302096;-0,0149611313438869;-0,0199029667204897;1,00180463576159;0,991556526318205;0,981901287631239;0,00064602913743335;0,767875540192233;-0,0861525768349898;0,0131433177528557;0,574470207274292;2,73473481673193e-53;0,117639473264795;0,0422855259333563;-0,00345851622146041;12,0492382722559;-0,0084793217363982;19,77191647078;-8,50818973010222
2024-12-17;0,95219243;0,00045513;6,1685;124698,04;10718,697704;0,996735116981383;-0,00326488301861694;-0,0149611313438869;-0,0199029667204897;1,01943512535325;1,00920993401913;0,992145885673222;0,00064602913743335;0,767875540192233;-0,0861525768349898;0,0131433177528557;0,574470207274292;2,73473481673193e-53;0,117639473264795;0,0422855259333563;-0,00327022437829119;12,0612096778119;0,00916778119562554;20,1124824725298;-8,50818973010222
2024-12-18;0,93582515;0,00045513;6,1624;120771,88;10718,697704;0,98281095345402;-0,0171890465459802;-0,0171890465459802;-0,0199029667204897;0,999011104806679;0,968514661497486;1;0,00064602913743335;0,767875540192233;-0,0861525768349898;0,0131433177528557;0,574470207274292;2,73473481673193e-53;0,117639473264795;0,0422855259333563;-0,0173384932466094;13,1987447465325;-0,0319916578939797;22,7604908198419;-8,50818973010222
2024-12-19;0,93834702;0,00045513;6,1841;121187,91;10722,122278;1,00269480896084;0,00269480896084073;-0,0171890465459802;-0,0199029667204897;1,00352135531611;1,00344475882962;1,00031949534305;0,00064602913743335;0,767875540192233;-0,0861525768349898;0,0131433177528557;0,574470207274292;2,73473481673193e-53;0,117639473264795;0,0422855259333563;0,00269118447324727;13,0876142078617;0,00343883923840524;22,7633948279931;-8,50818973010222
2024-12-20;0,94437195;0,00045513;6,078;122102,15;10818,542012;1,00642079089248;0,00642079089247805;-0,0171890465459802;-0,0199029667204897;0,982843097621319;1,00754398685479;1,00899259787382;0,00064602913743335;0,767875540192233;-0,0861525768349898;0,0131433177528557;0,574470207274292;2,73473481673193e-53;0,117639473264795;0,0422855259333563;0,00640026542759709;13,2012968151866;0,00751567329488172;22,8620668624179;-8,50818973010222
2024-12-23;0,93887679;0,00045513;6,1612;120766,57;10786,228848;0,994181148645933;-0,00581885135406657;-0,0171890465459802;-0,0199029667204897;1,01368871339256;0,989061781467403;0,997013168321188;0,00064602913743335;0,767875540192233;-0,0861525768349898;0,0131433177528557;0,574470207274292;2,73473481673193e-53;0,117639473264795;0,0422855259333563;-0,0058358468311124;12,6292754811039;-0,0109984806882607;21,9706730399482;-8,50818973010222
2024-12-24;0,93989284;0,00045513;6,1541;120766,57;10792,639749;1,00108219737757;0,00108219737757054;-0,0171890465459802;-0,0199029667204897;0,998847627085633;1;1,00059435981661;0,00064602913743335;0,767875540192233;-0,0861525768349898;0,0131433177528557;0,574470207274292;2,73473481673193e-53;0,117639473264795;0,0422855259333563;0,00108161222411816;12,4844046412624;0;21,9818885846469;-8,50818973010222
2024-12-26;0,9409447;0,00045513;6,1656;121077,5;10766,524673;1,00111912758054;0,00111912758054422;-0,0171890465459802;-0,0199029667204897;1,00186867291724;1,00257463634183;0,9975802883625;0,00064602913743335;0,767875540192233;-0,0861525768349898;0,0131433177528557;0,574470207274292;2,73473481673193e-53;0,117639473264795;0,0422855259333563;0,00111850182409747;11,8690425385057;0,00257132764359531;21,7859281760394;-8,50818973010222
2024-12-27;0,93569774;0,00045513;6,1991;120269,31;10676,426094;0,994423731809106;-0,00557626819089374;-0,0171890465459802;-0,0199029667204897;1,00543337225899;0,993325019099337;0,991631600564113;0,00064602913743335;0,767875540192233;-0,0861525768349898;0,0131433177528557;0,574470207274292;2,73473481673193e-53;0,117639473264795;0,0422855259333563;-0,00559187361475321;11,0347319452463;-0,0066973582200498;21,2163429788846;-8,50818973010222
2024-12-30;0,93104782;0,00045513;6,1923;120283,4;10597,68447;0,995030531974994;-0,00496946802500553;-0,0106870301285424;-0,0199029667204897;0,99890306657418;1,00011715374438;0,992624720734568;0,00064602913743335;0,767875540192233;-0,0861525768349898;0,0131433177528557;0,574470207274292;2,73473481673193e-53;0,117639473264795;0,0422855259333563;-0,00498185689232711;9,35821286848383;0,00011714688241184;19,7473664421686;-7,94549577390683
2024-12-31;0,93093427;0,00045513;6,1923;120283,4;10603,594495;0,999878040635979;-0,000121959364020707;-0,0106870301285424;-0,0199029667204897;1;1;1,0005576713495;0,00064602913743335;0,767875540192233;-0,0861525768349898;0,0131433177528557;0,574470207274292;2,73473481673193e-53;0,117639473264795;0,0422855259333563;-0,000121966801668677;9,30045887666939;0;19,4151926416433;-7,94549577390683
2025-01-02;0,92823961;0,00045513;6,2086;120125,39;10643,805368;0,997105423995187;-0,0028945760048128;-0,0106870301285424;-0,0199029667204897;1,00263230140659;0,998686352397754;1,00379219263986;0,00064602913743335;0,767875540192233;-0,0861525768349898;0,0131433177528557;0,574470207274292;2,73473481673193e-53;0,117639473264795;0,0422855259333563;-0,0028987733916636;9,28538329159977;-0,00131451119364342;19,410411328668;-7,94549577390683
2025-01-03;0,92903018;0,00045513;6,1563;118532,68;10658,5765;1,00085168742153;0,00085168742152697;-0,0106870301285424;-0,0199029667204897;0,991576200753793;0,986741270933647;1,00138776795416;0,00064602913743335;0,767875540192233;-0,0861525768349898;0,0131433177528557;0,574470207274292;2,73473481673193e-53;0,117639473264795;0,0422855259333563;0,000851324941593442;9,29206954708714;-0,0133474107578664;19,4910349809823;-7,94549577390683
2025-01-06;0,93781445;0,00045513;6,1119;120021,52;10710,955532;1,00945531177469;0,00945531177469383;-0,0106870301285424;-0,0199029667204897;0,992787875834511;1,0125605866669;1,00491426148698;0,00064602913743335;0,767875540192233;-0,0861525768349898;0,0131433177528557;0,574470207274292;2,73473481673193e-53;0,117639473264795;0,0422855259333563;0,00941089010858828;9,99437791607436;0,0124823568916533;20,202431252533;-7,94549577390683
2025-01-07;0,93813054;0,00045513;6,0741;121162,66;10699,747601;1,00033704961573;0,000337049615731555;-0,0106870301285424;-0,0199029667204897;0,993815343837432;1,00950779493544;0,998953601201451;0,00064602913743335;0,767875540192233;-0,0861525768349898;0,0131433177528557;0,574470207274292;2,73473481673193e-53;0,117639473264795;0,0422855259333563;0,000336992827269817;9,80056686476514;0,00946288032137145;19,8027215965688;-7,94549577390683
2025-01-08;0,93308299;0,00045513;6,1321;119624,51;10711,934073;0,994619565417836;-0,00538043458216386;-0,0106870301285424;-0,0199029667204897;1,00954873973099;0,987305082275348;1,00113894948315;0,00064602913743335;0,767875540192233;-0,0861525768349898;0,0131433177528557;0,574470207274292;2,73473481673193e-53;0,117639473264795;0,0422855259333563;-0,00539496125026553;9,84416597680313;-0,012776186727473;19,6356836382742;-7,94549577390683
2025-01-09;0,93331988;0,00045513;6,0896;119780,56;10718,404126;1,00025387881093;0,000253878810929864;-0,0106870301285424;-0,0199029667204897;0,993069258492197;1,00130449855134;1,00060400418411;0,00064602913743335;0,767875540192233;-0,0861525768349898;0,0131433177528557;0,574470207274292;2,73473481673193e-53;0,117639473264795;0,0422855259333563;0,000253846589158046;9,86357573317535;0,00130364843234575;19,1671287096843;-7,94549577390683
2025-01-10;0,92536077;0,00045513;6,0965;118856,48;10675,627274;0,991472259221565;-0,00852774077843488;-0,0106870301285424;-0,0199029667204897;1,0011330793484;0,992285225582515;0,996009027883523;0,00064602913743335;0,767875540192233;-0,0861525768349898;0,0131433177528557;0,574470207274292;2,73473481673193e-53;0,117639473264795;0,0422855259333563;-0,00856431001019979;10,0517589812566;-0,00774468723605643;18,8173815622912;-7,94549577390683
2025-01-13;0,9233243;0,00045513;6,1079;119006,93;10634,206531;0,997799269143428;-0,0022007308565718;-0,0106870301285424;-0,0199029667204897;1,00186992536701;1,0012658123478;0,996120064710307;0,00064602913743335;0,767875540192233;-0,0861525768349898;0,0131433177528557;0,574470207274292;2,73473481673193e-53;0,117639473264795;0,0422855259333563;-0,00220315602346971;9,21730576216823;0,00126501188277076;18,197795870397;-7,94549577390683
2025-01-14;0,92709266;0,00045513;6,0671;119298,67;10676,261273;1,00408129624662;0,00408129624661679;-0,00852774077843488;-0,0199029667204897;0,993320126393687;1,00245145387752;1,00395466665777;0,00064602913743335;0,767875540192233;-0,0861525768349898;0,0131433177528557;0,574470207274292;2,73473481673193e-53;0,117639473264795;0,0422855259333563;0,00407299034864114;8,98016671585769;0,00244845396622371;16,1269985540414;-7,94549577390683
2025-01-15;0,94252547;0,00045513;6,0377;122650,2;10676,261273;1,01664645904974;0,0166464590497351;-0,00852774077843488;-0,0199029667204897;0,995154192282969;1,02809360741406;1;0,00064602913743335;0,767875540192233;-0,0861525768349898;0,0131433177528557;0,574470207274292;2,73473481673193e-53;0,117639473264795;0,0422855259333563;0,0165094254091505;10,9104189657822;0,0277062206832463;18,8951807282526;-7,94549577390683
2025-01-16;0,93538622;0,00045513;6,0322;121234,14;10675,210027;0,99242540363392;-0,00757459636608004;-0,00852774077843488;-0,0199029667204897;0,999089057091276;0,988454482748499;0,999901534256879;0,00064602913743335;0,767875540192233;-0,0861525768349898;0,0131433177528557;0,574470207274292;2,73473481673193e-53;0,117639473264795;0,0422855259333563;-0,0076034293120303;11,1296511329617;-0,0116126842212321;19,0867654904506;-7,94549577390683
2025-01-17;0,94078483;0,00045513;6,0609;122350,38;10607,372679;1,00577153039522;0,00577153039521994;-0,00852774077843488;-0,0199029667204897;1,0047577998077;1,00920730744657;0,993645338327918;0,00064602913743335;0,767875540192233;-0,0861525768349898;0,0131433177528557;0,574470207274292;2,73473481673193e-53;0,117639473264795;0,0422855259333563;0,00575493892185388;11,335286959496;0,00916517858947219;19,0865924523295;-7,94549577390683
2025-01-20;0,94126331;0,00045513;6,0498;122855,15;10570,048191;1,00050859663628;0,000508596636278558;-0,00757459636608004;-0,0199029667204897;0,998168588823442;1,00412561039859;0,996481269289813;0,00064602913743335;0,767875540192233;-0,0861525768349898;0,0131433177528557;0,574470207274292;2,73473481673193e-53;0,117639473264795;0,0422855259333563;0,000508467344845609;9,55577982275701;0,00411712340269872;15,4236669866859;-3,92465988968085
2025-01-21;0,94674806;0,00045513;6,044;123338,34;10515,188212;1,00582700923507;0,0058270092350674;-0,00757459636608004;-0,0199029667204897;0,999041290621177;1,00393300565748;0,9948098648172;0,00064602913743335;0,767875540192233;-0,0861525768349898;0,0131433177528557;0,574470207274292;2,73473481673193e-53;0,117639473264795;0,0422855259333563;0,00581009788003421;9,71486287701364;0,00392529161037001;15,4350127404531;-3,92465988968085
2025-01-22;0,95138675;0,00045513;5,9674;122971,77;10534,429247;1,00489960338551;0,00489960338550888;-0,00757459636608004;-0,0199029667204897;0,987326273990735;0,997027931460728;1,00182983267746;0,00064602913743335;0,767875540192233;-0,0861525768349898;0,0131433177528557;0,574470207274292;2,73473481673193e-53;0,117639473264795;0,0422855259333563;0,00488763939214168;9,61120431934734;-0,00297649390547564;15,2902848389589;-3,92465988968085
2025-01-23;0,94880779;0,00045513;5,9399;122483,32;10501,702534;0,997289262226955;-0,00271073777304542;-0,00757459636608004;-0,0199029667204897;0,995391627844622;0,996027950154739;0,996893356798678;0,00064602913743335;0,767875540192233;-0,0861525768349898;0,0131433177528557;0,574470207274292;2,73473481673193e-53;0,117639473264795;0,0422855259333563;-0,0027144184758006;9,41683417548737;-0,00397995938692452;14,8207153238133;-3,92465988968085
2025-01-24;0,94928798;0,00045513;5,8925;122446,94;10525,188989;1,00050609828994;0,000506098289939194;-0,00757459636608004;-0,0199029667204897;0,992020067677907;0,999702979964945;1,00223644260766;0,00064602913743335;0,767875540192233;-0,0861525768349898;0,0131433177528557;0,574470207274292;2,73473481673193e-53;0,117639473264795;0,0422855259333563;0,000505970265393169;9,41447352075606;-0,000297064154241624;14,8227699952557;-3,92465988968085
2025-01-27;0,9523841;0,00045513;5,9272;124861,5;10528,001413;1,00326151817492;0,00326151817491671;-0,00757459636608004;-0,0199029667204897;1,00588884174798;1,01971923512339;1,00026720888365;0,00064602913743335;0,767875540192233;-0,0861525768349898;0,0131433177528557;0,574470207274292;2,73473481673193e-53;0,117639473264795;0,0422855259333563;0,0032562109610993;9,46192787364855;0,0195273297223318;16,1984769306758;-3,92465988968085
2025-01-28;0,95345679;0,00045513;5,893;124055,5;10530,395587;1,00112632077751;0,00112632077750985;-0,00757459636608004;-0,0199029667204897;0,994229990552031;0,993544847691242;1,00022741011386;0,00064602913743335;0,767875540192233;-0,0861525768349898;0,0131433177528557;0,574470207274292;2,73473481673193e-53;0,117639473264795;0,0422855259333563;0,0011256869541439;9,1925504932375;-0,00647607690064793;16,1846022305482;-3,92465988968085
2025-01-29;0,94981825;0,00045513;5,8596;123432,12;10522,170726;0,996183843842572;-0,00381615615742803;-0,00757459636608004;-0,0199029667204897;0,994332258611913;0,99497499103224;0,999218940928472;0,00064602913743335;0,767875540192233;-0,0861525768349898;0,0131433177528557;0,574470207274292;2,73473481673193e-53;0,117639473264795;0,0422855259333563;-0,00382345625947481;9,10759932897764;-0,00503767678038997;16,3369262353516;-3,92465988968085
2025-01-30;0,96588796;0,00049037;5,9006;126912,78;10680,496371;1,016918721029;0,0169187210289969;-0,00757459636608004;-0,0199029667204897;1,00699706464605;1,02819898094596;1,0150468614436;0,00064602913743335;0,767875540192233;-0,0861525768349898;0,0131433177528557;0,574470207274292;2,73473481673193e-53;0,117639473264795;0,0422855259333563;0,0167771935471535;10,6137205818316;0,027808709533898;18,7368862120731;-3,92465988968085
2025-01-31;0,95998769;0,00049037;5,8301;126134,94;10649,638468;0,993891351539365;-0,00610864846063519;-0,00757459636608004;-0,0199029667204897;0,988052062502118;0,993871066412697;0,997110817519326;0,00064602913743335;0,767875540192233;-0,0861525768349898;0,0131433177528557;0,574470207274292;2,73473481673193e-53;0,117639473264795;0,0422855259333563;-0,00612738258606517;10,8484307888077;-0,00614779259732744;18,936390108415;-3,92465988968085
2025-02-03;0,95868853;0,00049037;5,8687;125970,46;10693,813815;0,998646690979965;-0,00135330902003539;-0,00757459636608004;-0,0199029667204897;1,00662081267903;0,998695999696833;1,00414806071894;0,00064602913743335;0,767875540192233;-0,0861525768349898;0,0131433177528557;0,574470207274292;2,73473481673193e-53;0,117639473264795;0,0422855259333563;-0,00135422556969718;10,8944530130433;-0,00130485125140096;18,1226233777762;-3,92465988968085
2025-02-04;0,96293625;0,00049037;5,7927;125147,42;10681,935701;1,00443076126091;0,00443076126090713;-0,00757459636608004;-0,0199029667204897;0,987049942917512;0,993466404742826;0,99888925371196;0,00064602913743335;0,767875540192233;-0,0861525768349898;0,0131433177528557;0,574470207274292;2,73473481673193e-53;0,117639473264795;0,0422855259333563;0,00442097433659935;10,5700004323337;-0,00655503261703898;18,0538113178483;-3,92465988968085
2025-02-05;0,96261398;0,00049037;5,7997;125534,07;10629,135528;0,999665325716007;-0,000334674283993475;-0,00757459636608004;-0,0199029667204897;1,00120841749098;1,00308955630088;0,995057059462073;0,00064602913743335;0,767875540192233;-0,0861525768349898;0,0131433177528557;0,574470207274292;2,73473481673193e-53;0,117639473264795;0,0422855259333563;-0,000334730299930069;10,5799383340598;0,00308479342939769;17,8553382962882;-3,92465988968085
2025-02-06;0,96699134;0,00049037;5,7856;126224,74;10664,226579;1,00454736799065;0,00454736799064559;-0,00757459636608004;-0,0199029667204897;0,997568839767574;1,00550185300293;1,00330140216084;0,00064602913743335;0,767875540192233;-0,0861525768349898;0,0131433177528557;0,574470207274292;2,73473481673193e-53;0,117639473264795;0,0422855259333563;0,00453705995064518;10,3536964002424;0,00548677309603602;17,0959175434541;-3,92465988968085
2025-02-07;0,95786603;0,00049037;5,7557;124619,4;10648,420232;0,990563193668311;-0,00943680633168853;-0,00852774077843488;-0,0199029667204897;0,994831996681416;0,987281891014392;0,998517815906957;0,00064602913743335;0,767875540192233;-0,0861525768349898;0,0131433177528557;0,574470207274292;2,73473481673193e-53;0,117639473264795;0,0422855259333563;-0,00948161511256063;11,0507871868912;-0,0127996764610429;17,9051631646937;-4,34502189637463
2025-02-10;0,9627238;0,00049037;5,7808;125571,81;10648,420232;1,00507145033633;0,00507145033632739;-0,00757459636608004;-0,0199029667204897;1,00436089441771;1,00764255003635;1;0,00064602913743335;0,767875540192233;-0,0861525768349898;0,0131433177528557;0,574470207274292;2,73473481673193e-53;0,117639473264795;0,0422855259333563;0,00505863384593645;10,5235507425271;0,00761349369992183;17,6529603379999;-4,34502189637463
2025-02-11;0,96688228;0,00049037;5,7788;126521,66;10686,253244;1,00431949433472;0,00431949433471979;-0,00757459636608004;-0,0199029667204897;0,999654027124274;1,00756419772877;1,0035529225158;0,00064602913743335;0,767875540192233;-0,0861525768349898;0,0131433177528557;0,574470207274292;2,73473481673193e-53;0,117639473264795;0,0422855259333563;0,00431019209675526;10,446338101184;0,0075357326387272;17,7259384552973;-4,34502189637463
2025-02-12;0,96389857;0,00049037;5,7711;124380,21;10687,165012;0,996914091754789;-0,0030859082452106;-0,00757459636608004;-0,0199029667204897;0,998667543434623;0,983074439586076;1,00008532157897;0,00064602913743335;0,767875540192233;-0,0861525768349898;0,0131433177528557;0,574470207274292;2,73473481673193e-53;0,117639473264795;0,0422855259333563;-0,00309067947831294;10,5779975635929;-0,017070434757985;19,03223836733;-4,34502189637463
2025-02-13;0,96921671;0,00049037;5,7788;124850,18;10687,165012;1,00551732325944;0,00551732325943788;-0,00757459636608004;-0,0199029667204897;1,00133423437473;1,00377849498727;1;0,00064602913743335;0,767875540192233;-0,0861525768349898;0,0131433177528557;0,574470207274292;2,73473481673193e-53;0,117639473264795;0,0422855259333563;0,00550215858483391;9,26182246396665;0,00377137440616437;16,6084226487224;-4,34502189637463
2025-02-14;0,98213303;0,00049037;5,7283;128218,59;10827,678162;1,01332655521385;0,0133265552138488;-0,00610864846063519;-0,0199029667204897;0,991261161486814;1,02697961668938;1,01314784134447;0,00064602913743335;0,767875540192233;-0,0861525768349898;0,0131433177528557;0,574470207274292;2,73473481673193e-53;0,117639473264795;0,0422855259333563;0,0132385377939478;9,53882093296028;0,0266220833194478;18,1994623873077;-4,34502189637463
2025-02-17;0,98687993;0,00049037;5,7105;128552,13;10882,03459;1,0048332556334;0,00483325563340431;-0,00610864846063519;-0,0199029667204897;0,996892620847372;1,00260133885422;1,00502013702169;0,00064602913743335;0,767875540192233;-0,0861525768349898;0,0131433177528557;0,574470207274292;2,73473481673193e-53;0,117639473264795;0,0422855259333563;0,00482161295302473;9,50190899013311;0,00259796122859822;18,0455591145419;-4,34502189637463
2025-02-18;0,98381169;0,00049037;5,6979;128531,71;10872,440975;0,996890969299578;-0,00310903070042168;-0,00610864846063519;-0,0199029667204897;0,99779353821907;0,999841153934983;0,999118398777301;0,00064602913743335;0,767875540192233;-0,0861525768349898;0,0131433177528557;0,574470207274292;2,73473481673193e-53;0,117639473264795;0,0422855259333563;-0,00311387377715767;9,66829573980317;-0,000158858682388943;18,0537262882866;-4,34502189637463
2025-02-19;0,976963;0,00049037;5,7087;127308,8;10847,53807;0,993038616973539;-0,0069613830264611;-0,0069613830264611;-0,0199029667204897;1,00189543516032;0,990485538549203;0,997709538726652;0,00064602913743335;0,767875540192233;-0,0861525768349898;0,0131433177528557;0,574470207274292;2,73473481673193e-53;0,117639473264795;0,0422855259333563;-0,00698572649520534;10,058710827629;-0,00956001310235793;18,4859312483631;-4,34502189637463
2025-02-20;0,97690509;0,00049037;5,7019;127600,58;10847,53807;0,999940724469606;-5,92755303936432e-05;-0,0069613830264611;-0,0199029667204897;0,998808835636835;1,00229190755077;1;0,00064602913743335;0,767875540192233;-0,0861525768349898;0,0131433177528557;0,574470207274292;2,73473481673193e-53;0,117639473264795;0,0422855259333563;-5,92772872573213e-05;9,9943079747341;0,00228928513678608;18,4148097219552;-4,34502189637463
2025-02-21;0,97062018;0,00049037;5,7027;127128,06;10883,646675;0,993566509106837;-0,00643349089316336;-0,0069613830264611;-0,0199029667204897;1,00014030410916;0,996296882036116;1,00332873733809;0,00064602913743335;0,767875540192233;-0,0861525768349898;0,0131433177528557;0,574470207274292;2,73473481673193e-53;0,117639473264795;0,0422855259333563;-0,00645427498650604;10,2620971689078;-0,00370999147941722;18,4044422538208;-4,34502189637463
2025-02-24;0,95743758;0,00049037;5,7258;125401,38;10883,646675;0,98641837428107;-0,0135816257189295;-0,00943680633168853;-0,0199029667204897;1,00405071282024;0,986417790061455;1;0,00064602913743335;0,767875540192233;-0,0861525768349898;0,0131433177528557;0,574470207274292;2,73473481673193e-53;0,117639473264795;0,0422855259333563;-0,0136746996888374;11,4673996436737;-0,0136752919525301;19,1618759783807;-6,26653464298864
2025-02-25;0,95953238;0,00049037;5,7779;125979,5;10838,622156;1,00218792331089;0,00218792331088569;-0,00943680633168853;-0,0199029667204897;1,00909916518216;1,00461015660274;0,995863103576908;0,00064602913743335;0,767875540192233;-0,0861525768349898;0,0131433177528557;0,574470207274292;2,73473481673193e-53;0,117639473264795;0,0422855259333563;0,00218553329216211;11,4398464067695;0,00459956237899996;18,0202965339389;-6,26653464298864
2025-02-26;0,95447298;0,00049037;5,7757;124768,71;10775,718603;0,994727223275154;-0,00527277672484583;-0,00943680633168853;-0,0199029667204897;0,999619238823794;0,990388991859787;0,994196351520089;0,00064602913743335;0,767875540192233;-0,0861525768349898;0,0131433177528557;0,574470207274292;2,73473481673193e-53;0,117639473264795;0,0422855259333563;-0,00528672687098583;11,6000318687137;-0,00965749195627887;18,2065358062026;-6,26653464298864
2025-02-27;0,94634086;0,00049037;5,8228;124798,96;10719,634187;0,991479989302578;-0,00852001069742181;-0,00943680633168853;-0,0199029667204897;1,00815485568849;1,00024244860751;0,994795296901648;0,00064602913743335;0,767875540192233;-0,0861525768349898;0,0131433177528557;0,574470207274292;2,73473481673193e-53;0,117639473264795;0,0422855259333563;-0,00855651347246787;11,9109115111513;0,000242419221593418;18,1040656997319;-6,26653464298864
2025-02-28;0,94373551;0,00049037;5,8488;122799,09;10693,115322;0,99724692221363;-0,00275307778636968;-0,00943680633168853;-0,0199029667204897;1,00446520574294;0,983975267101585;0,997526140861023;0,00064602913743335;0,767875540192233;-0,0861525768349898;0,0131433177528557;0,574470207274292;2,73473481673193e-53;0,117639473264795;0,0422855259333563;-0,00275687447500574;10,2084501990485;-0,0161545173051396;16,044115246037;-6,26653464298864
2025-03-05;0,94329321;0,00049037;5,7914;123046,85;10786,539397;0,999531330552561;-0,00046866944743873;-0,00943680633168853;-0,0199029667204897;0,99018602106415;1,00201760452785;1,00873684349104;0,00064602913743335;0,767875540192233;-0,0861525768349898;0,0131433177528557;0,574470207274292;2,73473481673193e-53;0,117639473264795;0,0422855259333563;-0,000468779307290856;10,0445439281268;0,00201557189740627;15,9997279924635;-6,26653464298864
2025-03-06;0,94012442;0,00049037;5,7489;123357,55;10787,463928;0,996640715774897;-0,00335928422510323;-0,00943680633168853;-0,0199029667204897;0,992661532617329;1,00252505448128;1,00008571154899;0,00064602913743335;0,767875540192233;-0,0861525768349898;0,0131433177528557;0,574470207274292;2,73473481673193e-53;0,117639473264795;0,0422855259333563;-0,00336493928855108;10,0817116842151;0,00252187188757007;16,050809361227;-6,26653464298864
2025-03-07;0,9494139;0,00049037;5,7688;125034,63;10822,231807;1,00988111765036;0,00988111765036392;-0,00943680633168853;-0,0199029667204897;1,0034615317713;1,01359527649503;1,00322298913183;0,00064602913743335;0,767875540192233;-0,0861525768349898;0,0131433177528557;0,574470207274292;2,73473481673193e-53;0,117639473264795;0,0422855259333563;0,00983261862868664;10,6044370138407;0,0135036898866984;16,6679830672606;-6,26653464298864
2025-03-10;0,93565273;0,00049037;5,793;124519,38;10828,342773;0,985505615622438;-0,0144943843775618;-0,0135816257189295;-0,0199029667204897;1,00419497989183;0,995879141642599;1,00056466781612;0,00064602913743335;0,767875540192233;-0,0861525768349898;0,0131433177528557;0,574470207274292;2,73473481673193e-53;0,117639473264795;0,0422855259333563;-0,0146004541585771;11,6472194055803;-0,00412937249261506;16,6847488442;-6,69076863624123
2025-03-11;0,93336591;0,00049037;5,8346;124519,38;10885,508752;0,997555909445163;-0,00244409055483652;-0,0135816257189295;-0,0199029667204897;1,00718108061453;1;1,00527929159599;0,00064602913743335;0,767875540192233;-0,0861525768349898;0,0131433177528557;0,574470207274292;2,73473481673193e-53;0,117639473264795;0,0422855259333563;-0,00244708221975074;11,4518554211249;0;16,5490987607407;-6,69076863624123
2025-03-12;0,93760722;0,00049037;5,8268;123863,5;10885,508752;1,00454410210889;0,00454410210889322;-0,0135816257189295;-0,0199029667204897;0,998663147430844;0,994732707470917;1;0,00064602913743335;0,767875540192233;-0,0861525768349898;0,0131433177528557;0,574470207274292;2,73473481673193e-53;0,117639473264795;0,0422855259333563;0,00453380884754612;11,2774686532351;-0,00528121362020008;16,0509267957363;-6,69076863624123
2025-03-13;0,93895105;0,00049037;5,8131;125637,11;10910,789191;1,00143325474819;0,00143325474818767;-0,0135816257189295;-0,0199029667204897;0,997648795222077;1,01431906897512;1,00232239388861;0,00064602913743335;0,767875540192233;-0,0861525768349898;0,0131433177528557;0,574470207274292;2,73473481673193e-53;0,117639473264795;0,0422855259333563;0,00143222861895379;11,099832977699;0,0142175193563095;16,613803709751;-6,69076863624123
2025-03-14;0,95494705;0,00049037;5,7419;128957,09;10890,779734;1,01703603185704;0,0170360318570388;-0,0135816257189295;-0,0199029667204897;0,987751801964528;1,02642515416026;0,998166085271219;0,00064602913743335;0,767875540192233;-0,0861525768349898;0,0131433177528557;0,574470207274292;2,73473481673193e-53;0,117639473264795;0,0422855259333563;0,0168925459934215;12,6351064076891;0,0260820411899443;18,7722711233871;-6,69076863624123
2025-03-17;0,96384201;0,00049037;5,7082;130833,96;10895,863559;1,00931461068967;0,00931461068967132;-0,0135816257189295;-0,0199029667204897;0,994130862606454;1,01455422109789;1,00046680082824;0,00064602913743335;0,767875540192233;-0,0861525768349898;0,0131433177528557;0,574470207274292;2,73473481673193e-53;0,117639473264795;0,0422855259333563;0,00927149722019159;13,0460343732779;0,0144493249845544;18,1332826207376;-6,69076863624123
2025-03-18;0,96143262;0,00049037;5,6852;131474,73;10945,912867;0,997500223091542;-0,00249977690845837;-0,0135816257189295;-0,0199029667204897;0,995970708804877;1,00489758163706;1,00459342279104;0,00064602913743335;0,767875540192233;-0,0861525768349898;0,0131433177528557;0,574470207274292;2,73473481673193e-53;0,117639473264795;0,0422855259333563;-0,00250290656747524;12,9144775124937;0,00488562749913813;18,1479340437431;-6,69076863624123
2025-03-19;0,97239308;0,00049037;5,6657;132508,45;10996,83576;1,01140013327195;0,01140013327195;-0,0135816257189295;-0,0199029667204897;0,996570041511292;1,00786249950846;1,00465222897521;0,00064602913743335;0,767875540192233;-0,0861525768349898;0,0131433177528557;0,574470207274292;2,73473481673193e-53;0,117639473264795;0,0422855259333563;0,0113356414335115;12,6761919768033;0,00783175112679637;16,0410207310949;-6,69076863624123
2025-03-20;0,96659351;0,00052531;5,6628;131954,9;10937,456524;0,994035776149291;-0,00596422385070861;-0,0135816257189295;-0,0199029667204897;0,999488147978184;0,995822530563145;0,994600334378368;0,00064602913743335;0,767875540192233;-0,0861525768349898;0,0131433177528557;0,574470207274292;2,73473481673193e-53;0,117639473264795;0,0422855259333563;-0,00598208087136036;12,6599016800709;-0,00418621943938382;16,157816925034;-6,69076863624123
2025-03-21;0,96464831;0,00052531;5,7241;132344,88;10963,010233;0,997987571838756;-0,00201242816124447;-0,0135816257189295;-0,0199029667204897;1,01082503355231;1,00295540370233;1,00233634839544;0,00064602913743335;0,767875540192233;-0,0861525768349898;0,0131433177528557;0,574470207274292;2,73473481673193e-53;0,117639473264795;0,0422855259333563;-0,0020144558155924;12,6423681010317;0,00295104508234649;16,1597076189665;-6,69076863624123
2025-03-24;0,96135282;0,00052531;5,7403;131321,44;10924,551122;0,996583739414834;-0,00341626058516598;-0,0135816257189295;-0,0199029667204897;1,00283013923586;0,992266871223126;0,996491920541656;0,00064602913743335;0,767875540192233;-0,0861525768349898;0,0131433177528557;0,574470207274292;2,73473481673193e-53;0,117639473264795;0,0422855259333563;-0,0034221093277104;12,4868405965708;-0,0077631844671644;16,017628521448;-6,69076863624123
2025-03-25;0,96560636;0,00052531;5,6992;132067,69;10937,677298;1,00442453583274;0,0044245358327446;-0,0135816257189295;-0,0199029667204897;0,992840095465394;1,00568262120793;1,00120153000827;0,00064602913743335;0,767875540192233;-0,0861525768349898;0,0131433177528557;0,574470207274292;2,73473481673193e-53;0,117639473264795;0,0422855259333563;0,004414776350939;12,614324914363;0,00566653602460031;16,0817849235363;-6,69076863624123
2025-03-26;0,96506031;0,00052531;5,7298;132519,63;10933,843564;0,999434500410706;-0,000565499589294305;-0,0135816257189295;-0,0199029667204897;1,005369174621;1,00342203304987;0,9996494928589;0,00064602913743335;0,767875540192233;-0,0861525768349898;0,0131433177528557;0,574470207274292;2,73473481673193e-53;0,117639473264795;0,0422855259333563;-0,00056565954449296;12,430874198163;0,00341619121827326;15,9722507077888;-6,69076863624123
2025-03-27;0,96646769;0,00052531;5,7474;133148,75;10946,063774;1,00145833372839;0,00145833372838622;-0,00852001069742181;-0,0199029667204897;1,0030716604419;1,00474737214404;1,00111764997628;0,00064602913743335;0,767875540192233;-0,0861525768349898;0,0131433177528557;0,574470207274292;2,73473481673193e-53;0,117639473264795;0,0422855259333563;0,001457271392456;11,4412328850474;0,00473613891109463;14,9386975700112;-6,69076863624123
2025-03-28;0,96029992;0,00052531;5,766;131902,18;10951,012783;0,993618234666489;-0,00638176533351054;-0,00852001069742181;-0,0199029667204897;1,00323624595469;0,990637764154752;1,00045212681948;0,00064602913743335;0,767875540192233;-0,0861525768349898;0,0131433177528557;0,574470207274292;2,73473481673193e-53;0,117639473264795;0,0422855259333563;-0,00640221585126299;11,6614490982964;-0,00940633704833299;15,5095391972385;-6,69076863624123
2025-03-31;0,95068387;0,00052531;5,7422;130259,5;10995,855501;0,989986409662515;-0,0100135903374854;-0,0100135903374854;-0,0199029667204897;0,995872355185571;0,987546225543808;1,00409484664922;0,00064602913743335;0,767875540192233;-0,0861525768349898;0,0131433177528557;0,574470207274292;2,73473481673193e-53;0,117639473264795;0,0422855259333563;-0,0100640635613476;12,0473490467793;-0,0125319726251714;15,8151068144994;-6,69076863624123
2025-04-01;0,95566553;0,00052531;5,7051;131147,3;10975,137002;1,00524008049069;0,00524008049068936;-0,0100135903374854;-0,0199029667204897;0,993539061683675;1,00681562573171;0,998115790172205;0,00064602913743335;0,767875540192233;-0,0861525768349898;0,0131433177528557;0,574470207274292;2,73473481673193e-53;0,117639473264795;0,0422855259333563;0,00522639904269489;11,7844589579114;0,00679250435297738;15,8833584775333;-6,69076863624123
2025-04-02;0,95934195;0,00052531;5,6923;131190,34;10971,141105;1,00384697353268;0,00384697353267516;-0,0100135903374854;-0,0199029667204897;0,997756393402394;1,00032818060303;0,9996359137021;0,00064602913743335;0,767875540192233;-0,0861525768349898;0,0131433177528557;0,574470207274292;2,73473481673193e-53;0,117639473264795;0,0422855259333563;0,00383959285279223;11,7786308958937;0,000328126763556925;14,4211207489608;-6,69076863624123
2025-04-03;0,96330074;0,00052531;5,6067;131140,65;11119,069708;1,00412656821689;0,00412656821689072;-0,0100135903374854;-0,0199029667204897;0,984962141840732;0,999621237356348;1,01348342907855;0,00064602913743335;0,767875540192233;-0,0861525768349898;0,0131433177528557;0,574470207274292;2,73473481673193e-53;0,117639473264795;0,0422855259333563;0,0041180772851906;11,8243907483458;-0,000378834392339831;14,4685784191044;-6,69076863624123
2025-04-04;0,94112287;0,00052531;5,7777;127256;11134,652222;0,976977210668394;-0,0230227893316058;-0,0144943843775618;-0,0199029667204897;1,03049922414254;0,97037798729837;1,00140142245792;0,00064602913743335;0,767875540192233;-0,0861525768349898;0,0131433177528557;0,574470207274292;2,73473481673193e-53;0,117639473264795;0,0422855259333563;-0,0232919530370001;14,4700650069772;-0,0300696057621312;18,4663747941505;-10,673713787541
2025-04-07;0,93258982;0,00052531;5,8877;125588,09;11134,652222;0,990933118010404;-0,00906688198959604;-0,0144943843775618;-0,0199029667204897;1,01903871782889;0,986893270258377;1;0,00064602913743335;0,767875540192233;-0,0861525768349898;0,0131433177528557;0,574470207274292;2,73473481673193e-53;0,117639473264795;0,0422855259333563;-0,00910823632380403;14,3437350702086;-0,0131933808988848;18,5917864518481;-10,673713787541
2025-04-08;0,93010975;0,00052531;5,9368;123931,89;11047,644948;0,997340663658542;-0,00265933634145832;-0,0100135903374854;-0,0199029667204897;1,0083394194677;0,986812443759595;0,992185901071244;0,00064602913743335;0,767875540192233;-0,0861525768349898;0,0131433177528557;0,574470207274292;2,73473481673193e-53;0,117639473264795;0,0422855259333563;-0,00266287865788108;13,4715464569964;-0,0132752841920177;19,1231335242134;-10,673713787541
2025-04-09;0,95142437;0,00052531;6,0605;127795,93;11023,695645;1,02291624187361;0,0229162418736069;-0,0100135903374854;-0,0199029667204897;1,02083614068185;1,03117873857972;0,997832180241787;0,00064602913743335;0,767875540192233;-0,0861525768349898;0,0131433177528557;0,574470207274292;2,73473481673193e-53;0,117639473264795;0,0422855259333563;0,0226576086161867;15,6019502787094;0,0307025542957951;21,9215475825085;-10,673713787541
2025-04-10;0,94239919;0,00052531;5,9115;126354,75;10966,036646;0,990514033185843;-0,0094859668141567;-0,0100135903374854;-0,0199029667204897;0,975414569754971;0,988722802048547;0,994769540011189;0,00064602913743335;0,767875540192233;-0,0861525768349898;0,0131433177528557;0,574470207274292;2,73473481673193e-53;0,117639473264795;0,0422855259333563;-0,00953124516414254;15,9475597939657;-0,0113412676884222;22,2466868373897;-10,673713787541
2025-04-11;0,95512775;0,00052531;5,8737;127682,4;11069,909092;1,01350654811153;0,013506548111528;-0,0100135903374854;-0,0199029667204897;0,99360568383659;1,01050732164798;1,00947219577621;0,00064602913743335;0,767875540192233;-0,0861525768349898;0,0131433177528557;0,574470207274292;2,73473481673193e-53;0,117639473264795;0,0422855259333563;0,0134161477785657;16,5876620605566;0,0104525034047891;22,0006010607152;-10,673713787541
2025-04-14;0,96326667;0,00052531;5,8425;129453,91;11121,819232;1,00852128942961;0,00852128942960761;-0,0100135903374854;-0,0199029667204897;0,99468818632208;1,01387434759998;1,00468930138166;0,00064602913743335;0,767875540192233;-0,0861525768349898;0,0131433177528557;0,574470207274292;2,73473481673193e-53;0,117639473264795;0,0422855259333563;0,00848518818396967;15,7976725639313;0,0137789799363191;20,5842256502481;-10,673713787541
2025-04-15;0,96451641;0,00052531;5,8707;129245,39;11086,602842;1,0012973977393;0,00129739773929893;-0,0100135903374854;-0,0199029667204897;1,00482670089859;0,998389233666252;0,996833576480125;0,00064602913743335;0,767875540192233;-0,0861525768349898;0,0131433177528557;0,574470207274292;2,73473481673193e-53;0,117639473264795;0,0422855259333563;0,00129655684608868;15,4724194648948;-0,00161206501260479;19,9229624440438;-10,673713787541
2025-04-16;0,95865668;0,00052531;5,8808;128316,89;11081,212522;0,993924696418592;-0,00607530358140818;-0,0100135903374854;-0,0199029667204897;1,0017204081285;0,992815991347931;0,999513798764435;0,00064602913743335;0,767875540192233;-0,0861525768349898;0,0131433177528557;0,574470207274292;2,73473481673193e-53;0,117639473264795;0,0422855259333563;-0,00609383332554441;15,5960953141495;-0,00720993790082118;19,9453207574325;-10,673713787541
2025-04-17;0,96571567;0,00052531;5,8559;129650,03;11086,642276;1,00736341815299;0,00736341815299291;-0,0100135903374854;-0,0199029667204897;0,995765882192899;1,01038943509307;1,00048999637803;0,00064602913743335;0,767875540192233;-0,0861525768349898;0,0131433177528557;0,574470207274292;2,73473481673193e-53;0,117639473264795;0,0422855259333563;0,00733644054022919;15,2838023808363;0,0103358358366448;20,1057425172637;-10,673713787541
2025-04-22;0,969461;0,00052531;5,7496;130464,38;10993,02886;1,00387829473659;0,0038782947365863;-0,0100135903374854;-0,0199029667204897;0,981847367612152;1,00628114008149;0,991556197659353;0,00064602913743335;0,767875540192233;-0,0861525768349898;0,0131433177528557;0,574470207274292;2,73473481673193e-53;0,117639473264795;0,0422855259333563;0,00387079353986699;15,2054520559873;0,0062614959366375;20,2250329345091;-10,673713787541
2025-04-23;0,97981672;0,00052531;5,688;132216,07;11042,011239;1,01068193563227;0,010681935632274;-0,0100135903374854;-0,0199029667204897;0,989286211214693;1,01342657666407;1,00445576734345;0,00064602913743335;0,767875540192233;-0,0861525768349898;0,0131433177528557;0,574470207274292;2,73473481673193e-53;0,117639473264795;0,0422855259333563;0,0106252868134682;15,6048572785257;0,0133372389615705;20,7638241320388;-10,673713787541
2025-04-24;0,99842092;0,00052531;5,6738;134580,43;11132,298994;1,01898742858767;0,018987428587665;-0,0100135903374854;-0,0199029667204897;0,997503516174402;1,01788254635008;1,00817674905828;0,00064602913743335;0,767875540192233;-0,0861525768349898;0,0131433177528557;0,574470207274292;2,73473481673193e-53;0,117639473264795;0,0422855259333563;0,0188094171553253;16,7178457522354;0,017724534605579;21,4365781285895;-10,673713787541
2025-04-25;1,00393002;0,00052531;5,6846;134739,28;11163,907663;1,00551781306826;0,00551781306825982;-0,0100135903374854;-0,0199029667204897;1,00190348619972;1,0011803350606;1,0028393657965;0,00064602913743335;0,767875540192233;-0,0861525768349898;0,0131433177528557;0,574470207274292;2,73473481673193e-53;0,117639473264795;0,0422855259333563;0,005502645705932;16,7434992655434;0,00117963901283435;21,374178559769;-10,673713787541
2025-04-28;1,00658896;0,00052531;5,6681;135015,89;11191,518932;1,00264853121934;0,00264853121933717;-0,0100135903374854;-0,0199029667204897;0,997097421102628;1,00205292769859;1,00247326203633;0,00064602913743335;0,767875540192233;-0,0861525768349898;0,0131433177528557;0,574470207274292;2,73473481673193e-53;0,117639473264795;0,0422855259333563;0,00264503004115125;16,7219779706084;0,00205082332211817;21,3595863746012;-10,673713787541
2025-04-29;1,00533592;0,00052531;5,6467;135092,99;11215,927358;0,998755162186559;-0,00124483781344065;-0,0100135903374854;-0,0199029667204897;0,996224484395124;1,00057104389713;1,00218097526782;0,00064602913743335;0,767875540192233;-0,0861525768349898;0,0131433177528557;0,574470207274292;2,73473481673193e-53;0,117639473264795;0,0422855259333563;-0,00124561326764148;16,7593307419677;0,000570880913607352;21,3137364023627;-10,673713787541
2025-04-30;1,01219074;0,00052531;5,6608;135066,97;11252,529156;1,0068184373637;0,00681843736370236;-0,0100135903374854;-0,0199029667204897;1,00249703366568;0,999807391930551;1,00326337687752;0,00064602913743335;0,767875540192233;-0,0861525768349898;0,0131433177528557;0,574470207274292;2,73473481673193e-53;0,117639473264795;0,0422855259333563;0,00679529694776055;16,5601742250506;-0,000192626620765321;21,0004645791886;-10,673713787541
2025-05-02;1,01698284;0,00052531;5,6394;135133,88;11252,529156;1,00473438435131;0,00473438435131301;-0,0094859668141567;-0,0199029667204897;0,996219615602035;1,00049538388253;1;0,00064602913743335;0,767875540192233;-0,0861525768349898;0,0131433177528557;0,574470207274292;2,73473481673193e-53;0,117639473264795;0,0422855259333563;0,00472321240137988;15,9260124816028;0,000495261220441462;20,4092452572656;-10,673713787541
2025-05-05;1,01220591;0,00052531;5,652;133491,23;11219,750203;0,995302841098086;-0,00469715890191424;-0,0094859668141567;-0,0199029667204897;1,00223428024258;0,987844277097646;0,997086970178387;0,00064602913743335;0,767875540192233;-0,0861525768349898;0,0131433177528557;0,574470207274292;2,73473481673193e-53;0,117639473264795;0,0422855259333563;-0,00470822521989032;16,1379629326837;-0,0122302079303421;20,8754800807409;-10,673713787541
2025-05-06;1,01347689;0,00052531;5,721;133515,82;11299,043441;1,0012556536051;0,00125565360510493;-0,0094859668141567;-0,0199029667204897;1,01220806794055;1,00018420685763;1,00706729085455;0,00064602913743335;0,767875540192233;-0,0861525768349898;0,0131433177528557;0,574470207274292;2,73473481673193e-53;0,117639473264795;0,0422855259333563;0,00125486593141152;16,1405527069862;0,00018418989363412;20,8759874117451;-10,673713787541
2025-05-07;1,01463815;0,00052531;5,7375;133397,52;11346,575179;1,00114581793769;0,00114581793769353;-0,0094859668141567;-0,0199029667204897;1,00288411116938;0,999113962674985;1,00420670459833;0,00064602913743335;0,767875540192233;-0,0861525768349898;0,0131433177528557;0,574470207274292;2,73473481673193e-53;0,117639473264795;0,0422855259333563;0,00114516198933747;16,1385015704757;-0,00088643008810488;20,8804514556736;-10,673713787541
2025-05-08;1,03611475;0,00054266;5,686;136231,9;11440,00635;1,02116675782396;0,0211667578239594;-0,00906688198959604;-0,0199029667204897;0,991023965141612;1,02124762139506;1,00823430590518;0,00064602913743335;0,767875540192233;-0,0861525768349898;0,0131433177528557;0,574470207274292;2,73473481673193e-53;0,117639473264795;0,0422855259333563;0,0209458537832497;14,4246126910912;0,0210250380780394;18,7520402176474;-4,3677652431865
2025-05-09;1,03834821;0,00054266;5,6511;136511,88;11482,242896;1,00215561065992;0,00215561065991965;-0,00607530358140818;-0,0199029667204897;0,993862117481534;1,00205517209993;1,00369200371991;0,00064602913743335;0,767875540192233;-0,0861525768349898;0,0131433177528557;0,574470207274292;2,73473481673193e-53;0,117639473264795;0,0422855259333563;0,00215329066466719;13,5810512231661;0,00205306312279282;17,7868826501881;-4,3677652431865
2025-05-12;1,03730731;0,00054266;5,6822;136563,18;11471,766915;0,998997542452546;-0,00100245754745421;-0,00607530358140818;-0,0199029667204897;1,00550335332944;1,00037579146958;0,999087636353377;0,00064602913743335;0,767875540192233;-0,0861525768349898;0,0131433177528557;0,574470207274292;2,73473481673193e-53;0,117639473264795;0,0422855259333563;-0,00100296034407102;13,4730096916036;0,000375720877647819;16,7154086169414;-4,3677652431865
2025-05-13;1,05168744;0,00054266;5,6262;138963,11;11487,750916;1,01386294096395;0,0138629409639464;-0,00607530358140818;-0,0199029667204897;0,990144662278695;1,01757377061665;1,00139333383588;0,00064602913743335;0,767875540192233;-0,0861525768349898;0,0131433177528557;0,574470207274292;2,73473481673193e-53;0,117639473264795;0,0422855259333563;0,0137677293309269;12,3241016266451;0,0174211375410254;14,6041733049714;-4,3677652431865
2025-05-14;1,04887297;0,00054266;5,61;138422,84;11438,394816;0,997323853178279;-0,00267614682172124;-0,00469715890191424;-0,0199029667204897;0,997120614268956;0,996112133644677;0,995703588947837;0,00064602913743335;0,767875540192233;-0,0861525768349898;0,0131433177528557;0,574470207274292;2,73473481673193e-53;0,117639473264795;0,0422855259333563;-0,0026797341041192;11,5248722479407;-0,0038954437540397;13,8264012743556;-2,79254524867517
2025-05-15;1,05480178;0,00054266;5,6328;139334,38;11438,394816;1,00565255294929;0,00565255294928635;-0,00469715890191424;-0,0199029667204897;1,00406417112299;1,00658518493046;1;0,00064602913743335;0,767875540192233;-0,0861525768349898;0,0131433177528557;0,574470207274292;2,73473481673193e-53;0,117639473264795;0,0422855259333563;0,00563663722003224;11,1254901208464;0,00656359732062251;13,674708018318;-2,79254524867517
2025-05-16;1,05614877;0,00054266;5,6925;139187,39;11501,763356;1,00127700770471;0,0012770077047084;-0,00469715890191424;-0,0199029667204897;1,01059863655731;0,998945055771591;1,00553998537551;0,00064602913743335;0,767875540192233;-0,0861525768349898;0,0131433177528557;0,574470207274292;2,73473481673193e-53;0,117639473264795;0,0422855259333563;0,00127619302386484;11,0988812791114;-0,0010555010737335;13,3207101293962;-2,79254524867517
2025-05-19;1,06071068;0,00054266;5,6591;139636,41;11554,245873;1,00431938201282;0,00431938201281978;-0,00469715890191424;-0,0199029667204897;0,99413263065437;1,00322601063214;1,00456299746183;0,00064602913743335;0,767875540192233;-0,0861525768349898;0,0131433177528557;0,574470207274292;2,73473481673193e-53;0,117639473264795;0,0422855259333563;0,00431008025793612;11,0422215020436;0,0032208182240209;13,1938025851374;-2,79254524867517
2025-05-20;1,06328552;0,00054266;5,662;140109,63;11524,836576;1,00242746683761;0,00242746683761119;-0,00267614682172124;-0,0199029667204897;1,00051244897599;1,00338894418726;0,997454676201004;0,00064602913743335;0,767875540192233;-0,0861525768349898;0,0131433177528557;0,574470207274292;2,73473481673193e-53;0,117639473264795;0,0422855259333563;0,00242452529935001;10,3845620342278;0,00338321465696879;12,5883103107136;-2,15757984590475
2025-05-21;1,05061064;0,00054266;5,6571;137881,27;11481,637657;0,988079514145928;-0,0119204858540725;-0,00469715890191424;-0,0199029667204897;0,999134581419993;0,98409559714061;0,996251667542951;0,00064602913743335;0,767875540192233;-0,0861525768349898;0,0131433177528557;0,574470207274292;2,73473481673193e-53;0,117639473264795;0,0422855259333563;-0,0119921045678181;11,8727395640278;-0,0160322350831303;14,1788427581559;-5,4954726923852
2025-05-22;1,049635;0,00054266;5,639;137272,59;11525,702279;0,999071359109784;-0,000928640890215826;-0,00469715890191424;-0,0199029667204897;0,996800480811723;0,995585477273309;1,00383783422856;0,00064602913743335;0,767875540192233;-0,0861525768349898;0,0131433177528557;0,574470207274292;2,73473481673193e-53;0,117639473264795;0,0422855259333563;-0,0009290723442986;11,9957366946329;-0,00442429550418096;14,3448215708419;-5,4954726923852
2025-05-23;1,04965672;0,00054266;5,6932;137824,29;11538,097507;1,00002069290753;2,06929075343698e-05;-0,00469715890191424;-0,0199029667204897;1,00961163326831;1,00401901064153;1,00107544232013;0,00064602913743335;0,767875540192233;-0,0861525768349898;0,0131433177528557;0,574470207274292;2,73473481673193e-53;0,117639473264795;0,0422855259333563;2,06926934391122e-05;11,794464725939;0,00401095599219399;13,8043080811162;-5,4954726923852
2025-05-26;1,05302068;0,00054266;5,6619;138136,14;11553,315006;1,00320481919079;0,00320481919079207;-0,00469715890191424;-0,0199029667204897;0,994502213166585;1,00226266356968;1,00131889152356;0,00064602913743335;0,767875540192233;-0,0861525768349898;0,0131433177528557;0,574470207274292;2,73473481673193e-53;0,117639473264795;0,0422855259333563;0,00319969470355354;10,356478437859;0,00226010760127004;12,5655363270556;-5,4954726923852
2025-05-27;1,06390163;0,00054266;5,6539;139541,23;11611,387575;1,01033308291723;0,0103330829172319;-0,00469715890191424;-0,0199029667204897;0,998587046751091;1,01017177691515;1,00502648538275;0,00064602913743335;0,767875540192233;-0,0861525768349898;0,0131433177528557;0,574470207274292;2,73473481673193e-53;0,117639473264795;0,0422855259333563;0,0102800615525919;10,6568191572023;0,0101203925454732;12,9361937557425;-5,4954726923852
2025-05-28;1,06237634;0,00054266;5,6936;138887,81;11573,975656;0,99856632421928;-0,0014336757807204;-0,00469715890191424;-0,0199029667204897;1,00702170183413;0,9953173696405;0,996777997568478;0,00064602913743335;0,767875540192233;-0,0861525768349898;0,0131433177528557;0,574470207274292;2,73473481673193e-53;0,117639473264795;0,0422855259333563;-0,00143470447717153;10,7557552029253;-0,00469362821908044;13,1206785217457;-5,4954726923852
2025-05-29;1,06144597;0,00054266;5,6559;138533,7;11572,549281;0,999124255722789;-0,000875744277211488;-0,00469715890191424;-0,0199029667204897;0,993378530279612;0,997450388194616;0,999876760152052;0,00064602913743335;0,767875540192233;-0,0861525768349898;0,0131433177528557;0,574470207274292;2,73473481673193e-53;0,117639473264795;0,0422855259333563;-0,000876127965255783;10,7399957419341;-0,00255286760075039;13,1883889659254;-5,4954726923852
2025-05-30;1,05817193;0,00054266;5,7087;137026,62;11572,549281;0,996915490667886;-0,00308450933211413;-0,00469715890191424;-0,0199029667204897;1,00933538428897;0,989121202999703;1;0,00064602913743335;0,767875540192233;-0,0861525768349898;0,0131433177528557;0,574470207274292;2,73473481673193e-53;0,117639473264795;0,0422855259333563;-0,00308927623592071;10,7975743018437;-0,0109384038068144;13,8403374440412;-5,4954726923852
2025-06-02;1,05475894;0,00054266;5,6937;136786,65;11501,188667;0,996774635668137;-0,0032253643318626;-0,00469715890191424;-0,0199029667204897;0,997372431551842;0,998248734442986;0,99383363057981;0,00064602913743335;0,767875540192233;-0,0861525768349898;0,0131433177528557;0,574470207274292;2,73473481673193e-53;0,117639473264795;0,0422855259333563;-0,00323057703098628;10,9065296753935;-0,00175280081523097;13,8661245254754;-5,4954726923852
2025-06-03;1,06173658;0,00054266;5,6694;137546,26;11504,147006;1,00661538834646;0,00661538834645969;-0,0032253643318626;-0,0199029667204897;0,995732124980241;1,00555324660703;1,00025722028267;0,00064602913743335;0,767875540192233;-0,0861525768349898;0,0131433177528557;0,574470207274292;2,73473481673193e-53;0,117639473264795;0,0422855259333563;0,00659360269256506;10,7668209133201;0,00553788418107905;13,1453635834078;-5,4954726923852
2025-06-04;1,05962817;0,00054266;5,6332;137001,58;11534,495883;0,998014187285513;-0,00198581271448706;-0,0032253643318626;-0,0199029667204897;0,993614844604367;0,996040023189289;1,00263808146612;0,00064602913743335;0,767875540192233;-0,0861525768349898;0,0131433177528557;0,574470207274292;2,73473481673193e-53;0,117639473264795;0,0422855259333563;-0,00198778705476859;10,8636901657544;-0,00396783827990207;13,2728125682252;-5,4954726923852
2025-06-05;1,05541834;0,00054266;5,5969;136236,37;11523,003987;0,99602706862729;-0,00397293137270993;-0,00397293137270993;-0,0199029667204897;0,993556060498473;0,994414589963123;0,999003693259197;0,00064602913743335;0,767875540192233;-0,0861525768349898;0,0131433177528557;0,574470207274292;2,73473481673193e-53;0,117639473264795;0,0422855259333563;-0,00398084443019933;11,0649362949327;-0,00560106676623575;13,4664821532499;-5,4954726923852
2025-06-06;1,05199885;0,00054266;5,5947;136102,1;11523,003987;0,996760061986416;-0,00323993801358424;-0,00397293137270993;-0,0199029667204897;0,999606925262199;0,999014433517276;1;0,00064602913743335;0,767875540192233;-0,0861525768349898;0,0131433177528557;0,574470207274292;2,73473481673193e-53;0,117639473264795;0,0422855259333563;-0,00324519797712687;8,74115104423883;-0,000986052472713213;11,3324850272249;-5,4954726923852
2025-06-09;1,0462332;0,00054266;5,576;135699,38;11510,735371;0,994519338115246;-0,00548066188475382;-0,00548066188475382;-0,0199029667204897;0,996657550896384;0,997041044921423;0,998935293608;0,00064602913743335;0,767875540192233;-0,0861525768349898;0,0131433177528557;0,574470207274292;2,73473481673193e-53;0,117639473264795;0,0422855259333563;-0,00549573581406976;8,98189998768025;-0,00296334144099205;11,3486653725431;-5,4954726923852
2025-06-10;1,05103578;0,00054266;5,5557;136436,07;11469,204188;1,00459035327879;0,00459035327879098;-0,00548066188475382;-0,0199029667204897;0,996359397417504;1,00542883836315;0,996391960925048;0,00064602913743335;0,767875540192233;-0,0861525768349898;0,0131433177528557;0,574470207274292;2,73473481673193e-53;0,117639473264795;0,0422855259333563;0,00457984973822111;9,08277561203638;0,00541415533737636;11,5185278457294;-5,4954726923852
2025-06-11;1,05567896;0,00054266;5,539;137128,04;11501,108989;1,0044177183007;0,00441771830070325;-0,00548066188475382;-0,0199029667204897;0,996994078153968;1,00507175265309;1,00278177984078;0,00064602913743335;0,767875540192233;-0,0861525768349898;0,0131433177528557;0,574470207274292;2,73473481673193e-53;0,117639473264795;0,0422855259333563;0,00440798882740166;7,87482033913462;0,00505893463720794;9,8288144029041;-5,4954726923852
2025-06-12;1,05432464;0,00054266;5,5388;137799,74;11495,994081;0,998717109981997;-0,0012828900180033;-0,00548066188475382;-0,0199029667204897;0,99996389239935;1,004898341725;0,999555268278486;0,00064602913743335;0,767875540192233;-0,0861525768349898;0,0131433177528557;0,574470207274292;2,73473481673193e-53;0,117639473264795;0,0422855259333563;-0,00128371362587669;7,8256294987439;0,00488638388234454;9,93177933237908;-5,4954726923852
2025-06-13;1,0479811;0,00054266;5,5652;137212,63;11517,511026;0,993983314285437;-0,00601668571456304;-0,00601668571456304;-0,0199029667204897;1,00476637538817;0,995739396895814;1,00187169068185;0,00064602913743335;0,767875540192233;-0,0861525768349898;0,0131433177528557;0,574470207274292;2,73473481673193e-53;0,117639473264795;0,0422855259333563;-0,00603485889961878;7,85715270197463;-0,00426970533679216;9,70661731647187;-5,4954726923852
2025-06-16;1,06059482;0,00054266;5,5123;139255,91;11539,224668;1,01203620943164;0,0120362094316393;-0,00601668571456304;-0,0199029667204897;0,990494501545317;1,01489134054205;1,00188527208274;0,00064602913743335;0,767875540192233;-0,0861525768349898;0,0131433177528557;0,574470207274292;2,73473481673193e-53;0,117639473264795;0,0422855259333563;0,0119643502959722;8,92819244930525;0,0147815531099443;11,0914232225845;-5,4954726923852
2025-06-17;1,06009508;0,00054266;5,4773;138840,02;11553,187776;0,999528811577639;-0,000471188422360935;-0,00601668571456304;-0,0199029667204897;0,993650563285743;0,997013484023766;1,00121005599611;0,00064602913743335;0,767875540192233;-0,0861525768349898;0,0131433177528557;0,574470207274292;2,73473481673193e-53;0,117639473264795;0,0422855259333563;-0,0004712994665088;8,80362383728069;-0,00299098451419671;11,0745180041268;-5,4954726923852
2025-06-18;1,06167548;0,00054266;5,4879;138716,64;11581,369804;1,00149080967341;0,00149080967341142;-0,00601668571456304;-0,0199029667204897;1,00193526007339;0,999111351323631;1,00243932917446;0,00064602913743335;0,767875540192233;-0,0861525768349898;0,0131433177528557;0,574470207274292;2,73473481673193e-53;0,117639473264795;0,0422855259333563;0,00148969951988503;8,7767299145198;-0,000889043758680438;10,995434645769;-5,4954726923852
2025-06-20;1,0527134;0,00055131;5,4957;137115,83;11645,022854;0,991558550452724;-0,00844144954727588;-0,00601668571456304;-0,0199029667204897;1,00142130869732;0,988459856005739;1,00549615901031;0,00064602913743335;0,767875540192233;-0,0861525768349898;0,0131433177528557;0,574470207274292;2,73473481673193e-53;0,117639473264795;0,0422855259333563;-0,00847728036770257;8,24351540659008;-0,0116072482171175;10,2908852846675;-3,88477789723601
2025-06-23;1,04800019;0,00055131;5,5213;136550,5;11625,925598;0,995522798512872;-0,00447720148712838;-0,00601668571456304;-0,0199029667204897;1,00465818731008;0,995876989549639;0,998360049933827;0,00064602913743335;0,767875540192233;-0,0861525768349898;0,0131433177528557;0,574470207274292;2,73473481673193e-53;0,117639473264795;0,0422855259333563;-0,00448725417018669;8,39006927257132;-0,00413153349307806;10,2764661000358;-3,88477789723601
2025-06-24;1,05612909;0,00055131;5,4938;137164,61;11595,74804;1,00775658256322;0,0077565825632151;-0,00601668571456304;-0,0199029667204897;0,995019288935577;1,00449731051882;0,997404287706332;0,00064602913743335;0,767875540192233;-0,0861525768349898;0,0131433177528557;0,574470207274292;2,73473481673193e-53;0,117639473264795;0,0422855259333563;0,00772665493447995;8,8149534937074;0,00448722783653388;10,3026460575656;-3,88477789723601
2025-06-25;1,05270117;0,00055131;5,5427;135767;11581,971784;0,996754260409587;-0,00324573959041319;-0,00601668571456304;-0,0199029667204897;1,00890094288107;0,989810709920001;0,998811956248749;0,00064602913743335;0,767875540192233;-0,0861525768349898;0,0131433177528557;0,574470207274292;2,73473481673193e-53;0,117639473264795;0,0422855259333563;-0,00325101842874217;8,83013587942166;-0,0102415562359629;10,8194012736618;-3,88477789723601
2025-06-26;1,05900427;0,00055131;5,5145;137113;11618,728372;1,00598754915414;0,00598754915414412;-0,00601668571456304;-0,0199029667204897;0,99491222689303;1,00991404391347;1,00317360365623;0,00064602913743335;0,767875540192233;-0,0861525768349898;0,0131433177528557;0,574470207274292;2,73473481673193e-53;0,117639473264795;0,0422855259333563;0,00596969501461904;8,30775445560901;0,00986522219536021;10,7871921517853;-3,88477789723601
2025-06-27;1,05840877;0,00055131;5,4759;136865;11650,596162;0,999437679321161;-0,000562320678839212;-0,00601668571456304;-0,0199029667204897;0,993000272010155;0,998191272891703;1,00274279499268;0,00064602913743335;0,767875540192233;-0,0861525768349898;0,0131433177528557;0,574470207274292;2,73473481673193e-53;0,117639473264795;0,0422855259333563;-0,000562478840406596;8,29716938387367;-0,00181036483026633;10,7031850466058;-3,88477789723601
2025-06-30;1,07178399;0,00055131;5,4571;138854;11742,771423;1,01263710239287;0,0126371023928684;-0,00601668571456304;-0,0199029667204897;0,996566774411512;1,01453256858949;1,00791163471108;0,00064602913743335;0,767875540192233;-0,0861525768349898;0,0131433177528557;0,574470207274292;2,73473481673193e-53;0,117639473264795;0,0422855259333563;0,0125579206022159;9,38813146073254;0,0144279828630531;11,8838344911842;-3,88477789723601
2025-07-01;1,07007652;0,00055131;5,4511;139549;11760,125684;0,998406889806219;-0,00159311019378072;-0,00601668571456304;-0,0199029667204897;0,99890051492551;1,00500525732064;1,00147786756421;0,00064602913743335;0,767875540192233;-0,0861525768349898;0,0131433177528557;0,574470207274292;2,73473481673193e-53;0,117639473264795;0,0422855259333563;-0,00159438054320917;9,33099860384;0,00499277266217145;11,2838989872025;-3,88477789723601
2025-07-02;1,05616519;0,00055131;5,4512;139050;11738,976639;0,986999686713993;-0,0130003132860069;-0,00844144954727588;-0,0199029667204897;1,00001834492121;0,996424195085597;0,998201631039643;0,00064602913743335;0,767875540192233;-0,0861525768349898;0,0131433177528557;0,574470207274292;2,73473481673193e-53;0,117639473264795;0,0422855259333563;-0,0130855569610736;10,3955766800026;-0,0035822133863203;11,3550201724798;-5,99655552847759
2025-07-03;1,06522047;0,00055131;5,4208;140927;11743,877037;1,00857373456893;0,00857373456892674;-0,00844144954727588;-0,0199029667204897;0,994423246257705;1,01349874145991;1,00041744678013;0,00064602913743335;0,767875540192233;-0,0861525768349898;0,0131433177528557;0,574470207274292;2,73473481673193e-53;0,117639473264795;0,0422855259333563;0,00853718884700931;10,5697531853795;0,0134084451330308;12,0749213564872;-5,99655552847759
2025-07-04;1,06875502;0,00055131;5,409;141263;11737,581273;1,00331813938949;0,00331813938949166;-0,00844144954727588;-0,0199029667204897;0,997823199527745;1,00238421310324;0,999463910940129;0,00064602913743335;0,767875540192233;-0,0861525768349898;0,0131433177528557;0,574470207274292;2,73473481673193e-53;0,117639473264795;0,0422855259333563;0,0033126465123883;10,5937510562394;0,00238137537677844;11,9349336101637;-5,99655552847759
2025-07-07;1,06209254;0,00055131;5,4552;139489;11698,733249;0,993766129865757;-0,0062338701342427;-0,00844144954727588;-0,0199029667204897;1,00854132002219;0,987441863757672;0,996690287113124;0,00064602913743335;0,767875540192233;-0,0861525768349898;0,0131433177528557;0,574470207274292;2,73473481673193e-53;0,117639473264795;0,0422855259333563;-0,00625338183386782;10,7406201815002;-0,0126376560840226;12,6847406675759;-5,99655552847759
2025-07-08;1,05827961;0,00055131;5,4571;139302;11652,332112;0,996409983258144;-0,00359001674185566;-0,00844144954727588;-0,0199029667204897;1,00034829153835;0,998659392496899;0,996033661421935;0,00064602913743335;0,767875540192233;-0,0861525768349898;0,0131433177528557;0,574470207274292;2,73473481673193e-53;0,117639473264795;0,0422855259333563;-0,00359647631658068;10,7559088018067;-0,00134150692127366;12,692784302089;-5,99655552847759
2025-07-09;1,05184005;0,00055131;5,4626;137480;11617,707809;0,993915067493363;-0,00608493250663689;-0,00844144954727588;-0,0199029667204897;1,00100786131828;0,986920503653932;0,99702855165239;0,00064602913743335;0,767875540192233;-0,0861525768349898;0,0131433177528557;0,574470207274292;2,73473481673193e-53;0,117639473264795;0,0422855259333563;-0,00610352115391327;10,7990302538051;-0,0131657862028537;13,5669259711534;-5,99655552847759
2025-07-10;1,04449388;0,00055131;5,5433;136743;11611,020655;0,993015886778603;-0,00698411322139703;-0,00844144954727588;-0,0199029667204897;1,01477318493025;0,994639220250218;0,999424399880773;0,00064602913743335;0,767875540192233;-0,0861525768349898;0,0131433177528557;0,574470207274292;2,73473481673193e-53;0,117639473264795;0,0422855259333563;-0,00700861629495049;10,9591472028644;-0,00537520028952545;13,6013940690456;-5,99655552847759
2025-07-11;1,0377358;0,00055131;5,5722;136187;11656,098128;0,993529804119101;-0,00647019588089881;-0,00844144954727588;-0,0199029667204897;1,00521350098317;0,995933978338928;1,00388230064689;0,00064602913743335;0,767875540192233;-0,0861525768349898;0,0131433177528557;0,574470207274292;2,73473481673193e-53;0,117639473264795;0,0422855259333563;-0,00649121832689203;11,01972934521;-0,00407431040291189;13,5502992078934;-5,99655552847759
2025-07-14;1,03475468;0,00055131;5,5595;135298;11629,233175;0,997127284227835;-0,00287271577216486;-0,00844144954727588;-0,0199029667204897;0,997720828398119;0,993472211003987;0,997695201884457;0,00064602913743335;0,767875540192233;-0,0861525768349898;0,0131433177528557;0,574470207274292;2,73473481673193e-53;0,117639473264795;0,0422855259333563;-0,00287684993954221;11,0420399424534;-0,00654918818770926;13,574863365386;-5,99655552847759
2025-07-15;1,03773446;0,00055131;5,5576;135250;11564,396109;1,00287969705051;0,0028796970505125;-0,00844144954727588;-0,0199029667204897;0,99965824264772;0,999645227571731;0,994424648209877;0,00064602913743335;0,767875540192233;-0,0861525768349898;0,0131433177528557;0,574470207274292;2,73473481673193e-53;0,117639473264795;0,0422855259333563;0,00287555866592009;10,9501889232072;-0,000354835374895612;13,5190428650111;-5,99655552847759
2025-07-16;1,03737094;0,00055131;5,5722;135510;11508,698645;0,999649698440196;-0,000350301559803756;-0,00844144954727588;-0,0199029667204897;1,00262703325176;1,00192236598891;0,995183711844957;0,00064602913743335;0,767875540192233;-0,0861525768349898;0,0131433177528557;0,574470207274292;2,73473481673193e-53;0,117639473264795;0,0422855259333563;-0,000350362929727562;9,97616359273526;0,00192052060803154;12,3484045373479;-5,99655552847759
2025-07-17;1,03908245;0,00055131;5,5737;135564;11544,074013;1,00164985342659;0,0016498534265863;-0,00844144954727588;-0,0199029667204897;1,00026919349629;1,00039849457605;1,00307379392677;0,00064602913743335;0,767875540192233;-0,0861525768349898;0,0131433177528557;0,574470207274292;2,73473481673193e-53;0,117639473264795;0,0422855259333563;0,00164849391354778;10,018707279675;0,000398415198169515;12,345688861113;-5,99655552847759
2025-07-18;1,02007658;0,00055131;5,5466;133381;11516,525738;0,981708987578416;-0,018291012421584;-0,0130003132860069;-0,0199029667204897;0,995137879684949;0,983896904782981;0,997613643591597;0,00064602913743335;0,767875540192233;-0,0861525768349898;0,0131433177528557;0,574470207274292;2,73473481673193e-53;0,117639473264795;0,0422855259333563;-0,018460361208511;11,6555916516369;-0,0162341589808186;13,4057311953529;-8,45960025942283
2025-07-21;1,01933083;0,00055131;5,5625;134166;11512,782471;0,999268927436801;-0,000731072563199264;-0,0130003132860069;-0,0199029667204897;1,00286662099304;1,00588539597094;0,999674965602895;0,00064602913743335;0,767875540192233;-0,0861525768349898;0,0131433177528557;0,574470207274292;2,73473481673193e-53;0,117639473264795;0,0422855259333563;-0,000731339927061794;11,4114254261706;0,0058681446820903;13,170791041984;-8,45960025942283
2025-07-22;1,01601456;0,00055131;5,5709;134035;11509,169783;0,996746620525546;-0,00325337947445381;-0,0130003132860069;-0,0199029667204897;1,00151011235955;0,999023597632783;0,999686202009888;0,00064602913743335;0,767875540192233;-0,0861525768349898;0,0131433177528557;0,574470207274292;2,73473481673193e-53;0,117639473264795;0,0422855259333563;-0,00325868321997826;11,3792612522304;-0,000976879358523669;13,1226063572738;-8,45960025942283
2025-07-23;1,02589844;0,00055131;5,5537;135368;11530,936863;1,00972808893605;0,00972808893604848;-0,0130003132860069;-0,0199029667204897;0,996912527598772;1,00994516357668;1,00189128150948;0,00064602913743335;0,767875540192233;-0,0861525768349898;0,0131433177528557;0,574470207274292;2,73473481673193e-53;0,117639473264795;0,0422855259333563;0,00968107573206165;11,5964820848918;0,0098960358907853;13,5290956488813;-8,45960025942283
2025-07-24;1,01730738;0,00055131;5,5239;133807;11541,367375;0,991625818243763;-0,00837418175623683;-0,0130003132860069;-0,0199029667204897;0,994634207825414;0,988468471130548;1,00090456761007;0,00064602913743335;0,767875540192233;-0,0861525768349898;0,0131433177528557;0,574470207274292;2,73473481673193e-53;0,117639473264795;0,0422855259333563;-0,00840944220587896;11,836379485159;-0,0115985325497963;13,6581433973596;-8,45960025942283
2025-07-25;1,01722181;0,00055131;5,5426;133524;11516,758167;0,999915885796483;-8,41142035165054e-05;-0,0130003132860069;-0,0199029667204897;1,00338528937888;0,997885013489578;0,997867738960177;0,00064602913743335;0,767875540192233;-0,0861525768349898;0,0131433177528557;0,574470207274292;2,73473481673193e-53;0,117639473264795;0,0422855259333563;-8,41177413145095e-05;11,528490494022;-0,00211722625296545;13,1108591176052;-8,45960025942283
2025-07-28;1,00764957;0,00055131;5,5877;132129;11521,754534;0,990589820326405;-0,00941017967359525;-0,0130003132860069;-0,0199029667204897;1,00813697542669;0,989552440010785;1,00043383449818;0,00064602913743335;0,767875540192233;-0,0861525768349898;0,0131433177528557;0,574470207274292;2,73473481673193e-53;0,117639473264795;0,0422855259333563;-0,00945473515133927;11,8050757460209;-0,0105025188700211;13,4966622012494;-8,45960025942283
2025-07-29;1,01053834;0,00055131;5,5764;132725;11572,115229;1,00286683990745;0,00286683990744918;-0,0130003132860069;-0,0199029667204897;0,997977701021887;1,00451074328876;1,00437092240174;0,00064602913743335;0,767875540192233;-0,0861525768349898;0,0131433177528557;0,574470207274292;2,73473481673193e-53;0,117639473264795;0,0422855259333563;0,00286273835904025;10,6883251203342;0,0045006003761925;12,3974384627428;-8,45960025942283
2025-07-30;1,01537174488022;0,00055131;5,6034;133989;11579,413926;1,004783;0,00478299999999998;-0,0130003132860069;-0,0199029667204897;1,00484183344093;1,00952345074402;1,00063071416552;0,00064602913743335;0,767875540192233;-0,0861525768349898;0,0131433177528557;0,574470207274292;2,73473481673193e-53;0,117639473264795;0,0422855259333563;0,0047715977988639;11,0018462271921;0,00947838855940571;12,8134556073034;-8,45960025942283
2025-07-31;1,00905714799881;0,00055131;5,6021;133071;11564,795442;0,993781;-0,00621899999999997;-0,00941017967359525;-0,0199029667204897;0,999767998001214;0,993148691310481;0,998737545432487;0,00064602913743335;0,767875540192233;-0,0861525768349898;0,0131433177528557;0,574470207274292;2,73473481673193e-53;0,117639473264795;0,0422855259333563;-0,00623841853159482;10,4115050626372;-0,00687488665991351;12,9171017415725;-8,45960025942283
